18:54:29 PATTERN HOST device=\\.\DISPLAY2 primary=False bounds=[3840, 0, 1920, 1080]
18:54:29 TV CONNECT 192.168.1.105:2048 attempt 1/3 cycle 1/2
18:54:29 TV > QPW
18:54:29 TV < QPW:1
18:54:29 TV > MDL
18:54:29 TV < MDL:TX-P50VT60
18:54:29 TV > MIC:STA0713
18:54:29 TV < MIC:STA
18:54:29 TV > VIC:DAY
18:54:29 TV < VIC:DAY
18:54:33 METER starting persistent Argyll session: C:\Argyll\Argyll_V3.3.0\bin\spotread.exe -e -X C:\ProgramData\ArgyllCMS\PlasmaFamily_20Jul12.ccss -Y R:60
18:54:41 METER | Place instrument on spot to be measured,
18:54:41 METER | and hit [A-Z] to read white and setup FWA compensation (keyed to letter)
18:54:41 METER | [a-z] to read and make FWA compensated reading from keyed reference
18:54:41 METER | 'r' to set reference, 's' to save spectrum,
18:54:41 METER | 'f' to report cal. refresh rate, 'F' to measure refresh rate
18:54:41 METER | 'h' to toggle high res., 'k' to do a calibration
18:54:41 METER | Hit ESC or Q to exit, any other key to take a reading:
18:54:41 METER READY persistent session
18:54:41 TV > QPC:BRI
18:54:41 TV < QPC:BRI+30
18:54:41 TV > QPC:CON
18:54:41 TV < QPC:CON060
18:54:41 TV > QPC:COL
18:54:41 TV < QPC:COL050
18:54:41 TV > QPC:TIN
18:54:41 TV < QPC:TIN000
18:54:41 TV > QPC:SHP
18:54:41 TV < QPC:SHP050
18:54:41 TV > QPC:TMP
18:54:41 TV < QPC:TMPWRM2
18:54:41 TV > QPC:GMM
18:54:41 TV < QPC:GMM2.4
18:54:41 TV > QPC:PBR
18:54:41 TV < QPC:PBRLow
18:54:41 TV > QPC:CGU
18:54:41 TV < QPC:CGUREC
18:54:41 TV > QWB:HIR
18:54:41 TV < QWB:HIR000
18:54:41 TV > QWB:HIG
18:54:41 TV < QWB:HIG000
18:54:41 TV > QWB:HIB
18:54:41 TV < QWB:HIB000
18:54:41 TV > QWB:LOR
18:54:41 TV < QWB:LOR000
18:54:41 TV > QWB:LOG
18:54:41 TV < QWB:LOG000
18:54:41 TV > QWB:LOB
18:54:41 TV < QWB:LOB000
18:54:41 TV > VWB:ISL010
18:54:41 TV < VWB:ISL
18:54:41 TV > VWB:SLG010
18:54:41 TV < VWB:SLG
18:54:41 TV > QWB:GNR
18:54:41 TV < QWB:GNR000
18:54:41 TV > QWB:GNG
18:54:41 TV < QWB:GNG000
18:54:41 TV > QWB:GNB
18:54:41 TV < QWB:GNB000
18:54:41 TV > QPC:GGN
18:54:41 TV < QPC:GGN000
18:54:41 TV > VWB:ISL020
18:54:41 TV < VWB:ISL
18:54:41 TV > VWB:SLG020
18:54:41 TV < VWB:SLG
18:54:41 TV > QWB:GNR
18:54:41 TV < QWB:GNR000
18:54:41 TV > QWB:GNG
18:54:41 TV < QWB:GNG000
18:54:41 TV > QWB:GNB
18:54:41 TV < QWB:GNB000
18:54:41 TV > QPC:GGN
18:54:41 TV < QPC:GGN000
18:54:41 TV > VWB:ISL030
18:54:41 TV < VWB:ISL
18:54:41 TV > VWB:SLG030
18:54:41 TV < VWB:SLG
18:54:41 TV > QWB:GNR
18:54:41 TV < QWB:GNR000
18:54:41 TV > QWB:GNG
18:54:41 TV < QWB:GNG000
18:54:41 TV > QWB:GNB
18:54:41 TV < QWB:GNB000
18:54:41 TV > QPC:GGN
18:54:41 TV < QPC:GGN000
18:54:41 TV > VWB:ISL040
18:54:41 TV < VWB:ISL
18:54:41 TV > VWB:SLG040
18:54:41 TV < VWB:SLG
18:54:41 TV > QWB:GNR
18:54:41 TV < QWB:GNR000
18:54:41 TV > QWB:GNG
18:54:41 TV < QWB:GNG000
18:54:41 TV > QWB:GNB
18:54:41 TV < QWB:GNB000
18:54:41 TV > QPC:GGN
18:54:41 TV < QPC:GGN000
18:54:41 TV > VWB:ISL050
18:54:41 TV < VWB:ISL
18:54:41 TV > VWB:SLG050
18:54:41 TV < VWB:SLG
18:54:41 TV > QWB:GNR
18:54:41 TV < QWB:GNR000
18:54:41 TV > QWB:GNG
18:54:41 TV < QWB:GNG000
18:54:41 TV > QWB:GNB
18:54:41 TV < QWB:GNB000
18:54:41 TV > QPC:GGN
18:54:41 TV < QPC:GGN000
18:54:41 TV > VWB:ISL060
18:54:41 TV < VWB:ISL
18:54:41 TV > VWB:SLG060
18:54:41 TV < VWB:SLG
18:54:41 TV > QWB:GNR
18:54:41 TV < QWB:GNR000
18:54:41 TV > QWB:GNG
18:54:41 TV < QWB:GNG000
18:54:41 TV > QWB:GNB
18:54:41 TV < QWB:GNB000
18:54:41 TV > QPC:GGN
18:54:41 TV < QPC:GGN000
18:54:41 TV > VWB:ISL070
18:54:41 TV < VWB:ISL
18:54:41 TV > VWB:SLG070
18:54:41 TV < VWB:SLG
18:54:41 TV > QWB:GNR
18:54:41 TV < QWB:GNR000
18:54:41 TV > QWB:GNG
18:54:41 TV < QWB:GNG000
18:54:41 TV > QWB:GNB
18:54:41 TV < QWB:GNB000
18:54:41 TV > QPC:GGN
18:54:41 TV < QPC:GGN000
18:54:41 TV > VWB:ISL080
18:54:41 TV < VWB:ISL
18:54:41 TV > VWB:SLG080
18:54:41 TV < VWB:SLG
18:54:41 TV > QWB:GNR
18:54:42 TV < QWB:GNR000
18:54:42 TV > QWB:GNG
18:54:42 TV < QWB:GNG000
18:54:42 TV > QWB:GNB
18:54:42 TV < QWB:GNB000
18:54:42 TV > QPC:GGN
18:54:42 TV < QPC:GGN000
18:54:42 TV > VWB:ISL090
18:54:42 TV < VWB:ISL
18:54:42 TV > VWB:SLG090
18:54:42 TV < VWB:SLG
18:54:42 TV > QWB:GNR
18:54:42 TV < QWB:GNR000
18:54:42 TV > QWB:GNG
18:54:42 TV < QWB:GNG000
18:54:42 TV > QWB:GNB
18:54:42 TV < QWB:GNB000
18:54:42 TV > QPC:GGN
18:54:42 TV < QPC:GGN000
18:54:42 TV > VWB:ISL100
18:54:42 TV < VWB:ISL
18:54:42 TV > VWB:SLG100
18:54:42 TV < VWB:SLG
18:54:42 TV > QWB:GNR
18:54:42 TV < QWB:GNR000
18:54:42 TV > QWB:GNG
18:54:42 TV < QWB:GNG000
18:54:42 TV > QWB:GNB
18:54:42 TV < QWB:GNB000
18:54:42 TV > QPC:GGN
18:54:42 TV < QPC:GGN000
18:54:42 SIGNAL CHAIN video LUT linearized with dispwin display=2 device=\\.\DISPLAY2
18:54:42 START using existing TV picture and grayscale settings; snapshot saved
18:54:42 START TWO-POINT: measuring white, then correcting RGB; no opening sweep
18:54:42 PATCH 100% area=0.065 range=full \\.\DISPLAY2
18:54:44 MEASURE stage=two_point_high_start level=100% read=1/1
18:54:46 METER | Result is XYZ: 100.565615 105.488318 117.994688, D50 Lab: 102.084468 -1.919700 -21.751871
18:54:46 METER | Place instrument on spot to be measured,
18:54:46 METER | and hit [A-Z] to read white and setup FWA compensation (keyed to letter)
18:54:46 METER | [a-z] to read and make FWA compensated reading from keyed reference
18:54:46 METER | 'r' to set reference, 's' to save spectrum,
18:54:46 METER | 'f' to report cal. refresh rate, 'F' to measure refresh rate
18:54:46 METER | 'h' to toggle high res., 'k' to do a calibration
18:54:46 METER | Hit ESC or Q to exit, any other key to take a reading:
18:54:46 POINT stage=two_point_high_start level=100% Y=105.488318 xy=(0.31034,0.32553) noise_uv=0.000000 noise_Y=0.00%
18:54:46 TV > QWB:HIR
18:54:46 TV < QWB:HIR000
18:54:46 TV > QWB:HIB
18:54:46 TV < QWB:HIB000
18:54:46 TV > VWB:HIR006
18:54:46 TV < VWB:HIR
18:54:46 TV > QWB:HIR
18:54:46 TV < QWB:HIR+06
18:54:46 PATCH 100% area=0.065 range=full \\.\DISPLAY2
18:54:48 MEASURE stage=two_point_high_WB:HIR_trial level=100% read=1/1
18:54:51 METER | Result is XYZ: 103.508968 107.221169 119.346594, D50 Lab: 102.727549 0.207833 -21.500467
18:54:51 METER | Place instrument on spot to be measured,
18:54:51 METER | and hit [A-Z] to read white and setup FWA compensation (keyed to letter)
18:54:51 METER | [a-z] to read and make FWA compensated reading from keyed reference
18:54:51 METER | 'r' to set reference, 's' to save spectrum,
18:54:51 METER | 'f' to report cal. refresh rate, 'F' to measure refresh rate
18:54:51 METER | 'h' to toggle high res., 'k' to do a calibration
18:54:51 METER | Hit ESC or Q to exit, any other key to take a reading:
18:54:51 POINT stage=two_point_high_WB:HIR_trial level=100% Y=107.221169 xy=(0.31359,0.32484) noise_uv=0.000000 noise_Y=0.00%
18:54:51 TV > VWB:HIR000
18:54:51 TV < VWB:HIR
18:54:51 TV > QWB:HIR
18:54:51 TV < QWB:HIR000
18:54:51 PATCH 100% area=0.065 range=full \\.\DISPLAY2
18:54:53 MEASURE stage=two_point_high_WB:HIR_restored level=100% read=1/1
18:54:55 METER | Result is XYZ: 100.295742 105.247731 118.096331, D50 Lab: 101.994628 -1.986444 -21.971455
18:54:55 METER | Place instrument on spot to be measured,
18:54:55 METER | and hit [A-Z] to read white and setup FWA compensation (keyed to letter)
18:54:55 METER | [a-z] to read and make FWA compensated reading from keyed reference
18:54:55 METER | 'r' to set reference, 's' to save spectrum,
18:54:55 METER | 'f' to report cal. refresh rate, 'F' to measure refresh rate
18:54:55 METER | 'h' to toggle high res., 'k' to do a calibration
18:54:55 METER | Hit ESC or Q to exit, any other key to take a reading:
18:54:55 POINT stage=two_point_high_WB:HIR_restored level=100% Y=105.247731 xy=(0.30990,0.32520) noise_uv=0.000000 noise_Y=0.00%
18:54:55 TV > VWB:HIB006
18:54:55 TV < VWB:HIB
18:54:55 TV > QWB:HIB
18:54:55 TV < QWB:HIB+06
18:54:55 PATCH 100% area=0.065 range=full \\.\DISPLAY2
18:54:57 MEASURE stage=two_point_high_WB:HIB_trial level=100% read=1/1
18:55:00 METER | Result is XYZ: 101.731118 105.628177 125.752150, D50 Lab: 102.136631 -0.193187 -26.495888
18:55:00 METER | Place instrument on spot to be measured,
18:55:00 METER | and hit [A-Z] to read white and setup FWA compensation (keyed to letter)
18:55:00 METER | [a-z] to read and make FWA compensated reading from keyed reference
18:55:00 METER | 'r' to set reference, 's' to save spectrum,
18:55:00 METER | 'f' to report cal. refresh rate, 'F' to measure refresh rate
18:55:00 METER | 'h' to toggle high res., 'k' to do a calibration
18:55:00 METER | Hit ESC or Q to exit, any other key to take a reading:
18:55:00 POINT stage=two_point_high_WB:HIB_trial level=100% Y=105.628177 xy=(0.30540,0.31710) noise_uv=0.000000 noise_Y=0.00%
18:55:00 TV > VWB:HIB000
18:55:00 TV < VWB:HIB
18:55:00 TV > QWB:HIB
18:55:00 TV < QWB:HIB000
18:55:00 PATCH 100% area=0.065 range=full \\.\DISPLAY2
18:55:02 MEASURE stage=two_point_high_WB:HIB_restored level=100% read=1/1
18:55:05 METER | Result is XYZ: 100.197266 105.038532 118.192624, D50 Lab: 101.916398 -1.815104 -22.167583
18:55:05 METER | Place instrument on spot to be measured,
18:55:05 METER | and hit [A-Z] to read white and setup FWA compensation (keyed to letter)
18:55:05 METER | [a-z] to read and make FWA compensated reading from keyed reference
18:55:05 METER | 'r' to set reference, 's' to save spectrum,
18:55:05 METER | 'f' to report cal. refresh rate, 'F' to measure refresh rate
18:55:05 METER | 'h' to toggle high res., 'k' to do a calibration
18:55:05 METER | Hit ESC or Q to exit, any other key to take a reading:
18:55:05 POINT stage=two_point_high_WB:HIB_restored level=100% Y=105.038532 xy=(0.30980,0.32477) noise_uv=0.000000 noise_Y=0.00%
18:55:05 PATCH  60% area=0.065 range=full \\.\DISPLAY2
18:55:07 MEASURE stage=two_point_high_reference_1 level=60% read=1/1
18:55:09 METER | Result is XYZ: 33.735917 35.553396 40.658428, D50 Lab: 66.177265 -1.886342 -16.298709
18:55:09 METER | Place instrument on spot to be measured,
18:55:09 METER | and hit [A-Z] to read white and setup FWA compensation (keyed to letter)
18:55:09 METER | [a-z] to read and make FWA compensated reading from keyed reference
18:55:09 METER | 'r' to set reference, 's' to save spectrum,
18:55:09 METER | 'f' to report cal. refresh rate, 'F' to measure refresh rate
18:55:09 METER | 'h' to toggle high res., 'k' to do a calibration
18:55:09 METER | Hit ESC or Q to exit, any other key to take a reading:
18:55:09 POINT stage=two_point_high_reference_1 level=60% Y=35.553396 xy=(0.30684,0.32337) noise_uv=0.000000 noise_Y=0.00%
18:55:09 PATCH  80% area=0.065 range=full \\.\DISPLAY2
18:55:11 MEASURE stage=two_point_high_reference_1 level=80% read=1/1
18:55:14 METER | Result is XYZ: 65.212075 68.626383 77.157831, D50 Lab: 86.318703 -2.138033 -19.182334
18:55:14 METER | Place instrument on spot to be measured,
18:55:14 METER | and hit [A-Z] to read white and setup FWA compensation (keyed to letter)
18:55:14 METER | [a-z] to read and make FWA compensated reading from keyed reference
18:55:14 METER | 'r' to set reference, 's' to save spectrum,
18:55:14 METER | 'f' to report cal. refresh rate, 'F' to measure refresh rate
18:55:14 METER | 'h' to toggle high res., 'k' to do a calibration
18:55:14 METER | Hit ESC or Q to exit, any other key to take a reading:
18:55:14 POINT stage=two_point_high_reference_1 level=80% Y=68.626383 xy=(0.30907,0.32525) noise_uv=0.000000 noise_Y=0.00%
18:55:14 TV > VWB:HIR001
18:55:14 TV < VWB:HIR
18:55:14 TV > QWB:HIR
18:55:14 TV < QWB:HIR+01
18:55:14 TV > VWB:HIB-02
18:55:14 TV < VWB:HIB
18:55:14 TV > QWB:HIB
18:55:14 TV < QWB:HIB-02
18:55:14 PATCH  60% area=0.065 range=full \\.\DISPLAY2
18:55:16 MEASURE stage=two_point_high_candidate_1 level=60% read=1/1
18:55:18 METER | Result is XYZ: 33.552397 35.509319 39.295983, D50 Lab: 66.143292 -2.379939 -14.572545
18:55:18 METER | Place instrument on spot to be measured,
18:55:18 METER | and hit [A-Z] to read white and setup FWA compensation (keyed to letter)
18:55:18 METER | [a-z] to read and make FWA compensated reading from keyed reference
18:55:18 METER | 'r' to set reference, 's' to save spectrum,
18:55:18 METER | 'f' to report cal. refresh rate, 'F' to measure refresh rate
18:55:18 METER | 'h' to toggle high res., 'k' to do a calibration
18:55:18 METER | Hit ESC or Q to exit, any other key to take a reading:
18:55:18 POINT stage=two_point_high_candidate_1 level=60% Y=35.509319 xy=(0.30964,0.32770) noise_uv=0.000000 noise_Y=0.00%
18:55:18 PATCH  80% area=0.065 range=full \\.\DISPLAY2
18:55:20 MEASURE stage=two_point_high_candidate_1 level=80% read=1/1
18:55:23 METER | Result is XYZ: 65.089629 68.621549 75.788884, D50 Lab: 86.316301 -2.402546 -18.022813
18:55:23 METER | Place instrument on spot to be measured,
18:55:23 METER | and hit [A-Z] to read white and setup FWA compensation (keyed to letter)
18:55:23 METER | [a-z] to read and make FWA compensated reading from keyed reference
18:55:23 METER | 'r' to set reference, 's' to save spectrum,
18:55:23 METER | 'f' to report cal. refresh rate, 'F' to measure refresh rate
18:55:23 METER | 'h' to toggle high res., 'k' to do a calibration
18:55:23 METER | Hit ESC or Q to exit, any other key to take a reading:
18:55:23 POINT stage=two_point_high_candidate_1 level=80% Y=68.621549 xy=(0.31069,0.32755) noise_uv=0.000000 noise_Y=0.00%
18:55:23 PATCH 100% area=0.065 range=full \\.\DISPLAY2
18:55:25 MEASURE stage=two_point_high_candidate_1 level=100% read=1/3
18:55:27 METER | Result is XYZ: 101.210050 106.045305 117.372686, D50 Lab: 102.291935 -1.733151 -20.997506
18:55:27 METER | Place instrument on spot to be measured,
18:55:27 METER | and hit [A-Z] to read white and setup FWA compensation (keyed to letter)
18:55:27 METER | [a-z] to read and make FWA compensated reading from keyed reference
18:55:27 METER | 'r' to set reference, 's' to save spectrum,
18:55:27 METER | 'f' to report cal. refresh rate, 'F' to measure refresh rate
18:55:27 METER | 'h' to toggle high res., 'k' to do a calibration
18:55:27 METER | Hit ESC or Q to exit, any other key to take a reading:
18:55:27 MEASURE stage=two_point_high_candidate_1 level=100% read=2/3
18:55:30 METER | Result is XYZ: 101.030571 105.818589 116.648426, D50 Lab: 102.207576 -1.670082 -20.679308
18:55:30 METER | Place instrument on spot to be measured,
18:55:30 METER | and hit [A-Z] to read white and setup FWA compensation (keyed to letter)
18:55:30 METER | [a-z] to read and make FWA compensated reading from keyed reference
18:55:30 METER | 'r' to set reference, 's' to save spectrum,
18:55:30 METER | 'f' to report cal. refresh rate, 'F' to measure refresh rate
18:55:30 METER | 'h' to toggle high res., 'k' to do a calibration
18:55:30 METER | Hit ESC or Q to exit, any other key to take a reading:
18:55:30 MEASURE stage=two_point_high_candidate_1 level=100% read=3/3
18:55:33 METER | Result is XYZ: 100.987790 105.980615 116.940559, D50 Lab: 102.267877 -2.001691 -20.762583
18:55:33 METER | Place instrument on spot to be measured,
18:55:33 METER | and hit [A-Z] to read white and setup FWA compensation (keyed to letter)
18:55:33 METER | [a-z] to read and make FWA compensated reading from keyed reference
18:55:33 METER | 'r' to set reference, 's' to save spectrum,
18:55:33 METER | 'f' to report cal. refresh rate, 'F' to measure refresh rate
18:55:33 METER | 'h' to toggle high res., 'k' to do a calibration
18:55:33 METER | Hit ESC or Q to exit, any other key to take a reading:
18:55:33 POINT stage=two_point_high_candidate_1 level=100% Y=105.980615 xy=(0.31187,0.32715) noise_uv=0.000324 noise_Y=0.15%
18:55:33 DECISION two_point_high iteration=1 ACCEPT chroma=2.082->1.093 max=2.248->1.228
18:55:33 TV > QWB:HIR
18:55:33 TV < QWB:HIR+01
18:55:33 TV > QWB:HIB
18:55:33 TV < QWB:HIB-02
18:55:33 TV > VWB:HIR007
18:55:33 TV < VWB:HIR
18:55:33 TV > QWB:HIR
18:55:33 TV < QWB:HIR+07
18:55:33 PATCH 100% area=0.065 range=full \\.\DISPLAY2
18:55:35 MEASURE stage=two_point_high_WB:HIR_trial level=100% read=1/1
18:55:37 METER | Result is XYZ: 103.524653 107.492246 117.101728, D50 Lab: 102.827521 -0.197221 -19.900849
18:55:37 METER | Place instrument on spot to be measured,
18:55:37 METER | and hit [A-Z] to read white and setup FWA compensation (keyed to letter)
18:55:37 METER | [a-z] to read and make FWA compensated reading from keyed reference
18:55:37 METER | 'r' to set reference, 's' to save spectrum,
18:55:37 METER | 'f' to report cal. refresh rate, 'F' to measure refresh rate
18:55:37 METER | 'h' to toggle high res., 'k' to do a calibration
18:55:37 METER | Hit ESC or Q to exit, any other key to take a reading:
18:55:37 POINT stage=two_point_high_WB:HIR_trial level=100% Y=107.492246 xy=(0.31551,0.32760) noise_uv=0.000000 noise_Y=0.00%
18:55:37 TV > VWB:HIR001
18:55:37 TV < VWB:HIR
18:55:37 TV > QWB:HIR
18:55:37 TV < QWB:HIR+01
18:55:37 PATCH 100% area=0.065 range=full \\.\DISPLAY2
18:55:39 MEASURE stage=two_point_high_WB:HIR_restored level=100% read=1/1
18:55:42 METER | Result is XYZ: 100.688079 105.842751 116.381974, D50 Lab: 102.216572 -2.283369 -20.492741
18:55:42 METER | Place instrument on spot to be measured,
18:55:42 METER | and hit [A-Z] to read white and setup FWA compensation (keyed to letter)
18:55:42 METER | [a-z] to read and make FWA compensated reading from keyed reference
18:55:42 METER | 'r' to set reference, 's' to save spectrum,
18:55:42 METER | 'f' to report cal. refresh rate, 'F' to measure refresh rate
18:55:42 METER | 'h' to toggle high res., 'k' to do a calibration
18:55:42 METER | Hit ESC or Q to exit, any other key to take a reading:
18:55:42 POINT stage=two_point_high_WB:HIR_restored level=100% Y=105.842751 xy=(0.31181,0.32778) noise_uv=0.000000 noise_Y=0.00%
18:55:42 TV > VWB:HIB004
18:55:42 TV < VWB:HIB
18:55:42 TV > QWB:HIB
18:55:42 TV < QWB:HIB+04
18:55:42 PATCH 100% area=0.065 range=full \\.\DISPLAY2
18:55:44 MEASURE stage=two_point_high_WB:HIB_trial level=100% read=1/1
18:55:46 METER | Result is XYZ: 101.961437 105.994671 124.127022, D50 Lab: 102.273105 -0.397589 -25.264729
18:55:46 METER | Place instrument on spot to be measured,
18:55:46 METER | and hit [A-Z] to read white and setup FWA compensation (keyed to letter)
18:55:46 METER | [a-z] to read and make FWA compensated reading from keyed reference
18:55:46 METER | 'r' to set reference, 's' to save spectrum,
18:55:46 METER | 'f' to report cal. refresh rate, 'F' to measure refresh rate
18:55:46 METER | 'h' to toggle high res., 'k' to do a calibration
18:55:46 METER | Hit ESC or Q to exit, any other key to take a reading:
18:55:46 POINT stage=two_point_high_WB:HIB_trial level=100% Y=105.994671 xy=(0.30704,0.31918) noise_uv=0.000000 noise_Y=0.00%
18:55:46 TV > VWB:HIB-02
18:55:46 TV < VWB:HIB
18:55:46 TV > QWB:HIB
18:55:46 TV < QWB:HIB-02
18:55:46 PATCH 100% area=0.065 range=full \\.\DISPLAY2
18:55:48 MEASURE stage=two_point_high_WB:HIB_restored level=100% read=1/1
18:55:51 METER | Result is XYZ: 100.669501 105.658161 116.465106, D50 Lab: 102.147809 -2.018177 -20.664695
18:55:51 METER | Place instrument on spot to be measured,
18:55:51 METER | and hit [A-Z] to read white and setup FWA compensation (keyed to letter)
18:55:51 METER | [a-z] to read and make FWA compensated reading from keyed reference
18:55:51 METER | 'r' to set reference, 's' to save spectrum,
18:55:51 METER | 'f' to report cal. refresh rate, 'F' to measure refresh rate
18:55:51 METER | 'h' to toggle high res., 'k' to do a calibration
18:55:51 METER | Hit ESC or Q to exit, any other key to take a reading:
18:55:51 POINT stage=two_point_high_WB:HIB_restored level=100% Y=105.658161 xy=(0.31187,0.32733) noise_uv=0.000000 noise_Y=0.00%
18:55:51 PATCH  60% area=0.065 range=full \\.\DISPLAY2
18:55:53 MEASURE stage=two_point_high_reference_2 level=60% read=1/1
18:55:55 METER | Result is XYZ: 33.516472 35.288842 39.791990, D50 Lab: 65.972930 -1.771186 -15.520725
18:55:55 METER | Place instrument on spot to be measured,
18:55:55 METER | and hit [A-Z] to read white and setup FWA compensation (keyed to letter)
18:55:55 METER | [a-z] to read and make FWA compensated reading from keyed reference
18:55:55 METER | 'r' to set reference, 's' to save spectrum,
18:55:55 METER | 'f' to report cal. refresh rate, 'F' to measure refresh rate
18:55:55 METER | 'h' to toggle high res., 'k' to do a calibration
18:55:55 METER | Hit ESC or Q to exit, any other key to take a reading:
18:55:55 POINT stage=two_point_high_reference_2 level=60% Y=35.288842 xy=(0.30863,0.32495) noise_uv=0.000000 noise_Y=0.00%
18:55:56 PATCH  80% area=0.065 range=full \\.\DISPLAY2
18:55:58 MEASURE stage=two_point_high_reference_2 level=80% read=1/1
18:56:00 METER | Result is XYZ: 64.534302 68.157114 74.574033, D50 Lab: 86.084950 -2.656293 -17.377226
18:56:00 METER | Place instrument on spot to be measured,
18:56:00 METER | and hit [A-Z] to read white and setup FWA compensation (keyed to letter)
18:56:00 METER | [a-z] to read and make FWA compensated reading from keyed reference
18:56:00 METER | 'r' to set reference, 's' to save spectrum,
18:56:00 METER | 'f' to report cal. refresh rate, 'F' to measure refresh rate
18:56:00 METER | 'h' to toggle high res., 'k' to do a calibration
18:56:00 METER | Hit ESC or Q to exit, any other key to take a reading:
18:56:00 POINT stage=two_point_high_reference_2 level=80% Y=68.157114 xy=(0.31136,0.32884) noise_uv=0.000000 noise_Y=0.00%
18:56:00 TV > VWB:HIR001
18:56:00 TV < VWB:HIR
18:56:00 TV > QWB:HIR
18:56:00 TV < QWB:HIR+01
18:56:00 TV > VWB:HIB-03
18:56:00 TV < VWB:HIB
18:56:00 TV > QWB:HIB
18:56:00 TV < QWB:HIB-03
18:56:00 PATCH  60% area=0.065 range=full \\.\DISPLAY2
18:56:02 MEASURE stage=two_point_high_candidate_2 level=60% read=1/1
18:56:05 METER | Result is XYZ: 33.428684 35.223273 39.216975, D50 Lab: 65.922128 -1.859423 -14.849107
18:56:05 METER | Place instrument on spot to be measured,
18:56:05 METER | and hit [A-Z] to read white and setup FWA compensation (keyed to letter)
18:56:05 METER | [a-z] to read and make FWA compensated reading from keyed reference
18:56:05 METER | 'r' to set reference, 's' to save spectrum,
18:56:05 METER | 'f' to report cal. refresh rate, 'F' to measure refresh rate
18:56:05 METER | 'h' to toggle high res., 'k' to do a calibration
18:56:05 METER | Hit ESC or Q to exit, any other key to take a reading:
18:56:05 POINT stage=two_point_high_candidate_2 level=60% Y=35.223273 xy=(0.30990,0.32654) noise_uv=0.000000 noise_Y=0.00%
18:56:05 PATCH  80% area=0.065 range=full \\.\DISPLAY2
18:56:07 MEASURE stage=two_point_high_candidate_2 level=80% read=1/1
18:56:09 METER | Result is XYZ: 64.735560 68.216414 74.726061, D50 Lab: 86.114548 -2.329683 -17.457519
18:56:09 METER | Place instrument on spot to be measured,
18:56:09 METER | and hit [A-Z] to read white and setup FWA compensation (keyed to letter)
18:56:09 METER | [a-z] to read and make FWA compensated reading from keyed reference
18:56:09 METER | 'r' to set reference, 's' to save spectrum,
18:56:09 METER | 'f' to report cal. refresh rate, 'F' to measure refresh rate
18:56:09 METER | 'h' to toggle high res., 'k' to do a calibration
18:56:09 METER | Hit ESC or Q to exit, any other key to take a reading:
18:56:09 POINT stage=two_point_high_candidate_2 level=80% Y=68.216414 xy=(0.31171,0.32847) noise_uv=0.000000 noise_Y=0.00%
18:56:09 PATCH 100% area=0.065 range=full \\.\DISPLAY2
18:56:11 MEASURE stage=two_point_high_candidate_2 level=100% read=1/3
18:56:14 METER | Result is XYZ: 100.246519 105.399462 115.547271, D50 Lab: 102.051304 -2.313626 -20.240131
18:56:14 METER | Place instrument on spot to be measured,
18:56:14 METER | and hit [A-Z] to read white and setup FWA compensation (keyed to letter)
18:56:14 METER | [a-z] to read and make FWA compensated reading from keyed reference
18:56:14 METER | 'r' to set reference, 's' to save spectrum,
18:56:14 METER | 'f' to report cal. refresh rate, 'F' to measure refresh rate
18:56:14 METER | 'h' to toggle high res., 'k' to do a calibration
18:56:14 METER | Hit ESC or Q to exit, any other key to take a reading:
18:56:14 MEASURE stage=two_point_high_candidate_2 level=100% read=2/3
18:56:18 METER | Result is XYZ: 100.017058 105.254674 115.340253, D50 Lab: 101.997223 -2.467289 -20.199652
18:56:18 METER | Place instrument on spot to be measured,
18:56:18 METER | and hit [A-Z] to read white and setup FWA compensation (keyed to letter)
18:56:18 METER | [a-z] to read and make FWA compensated reading from keyed reference
18:56:18 METER | 'r' to set reference, 's' to save spectrum,
18:56:18 METER | 'f' to report cal. refresh rate, 'F' to measure refresh rate
18:56:18 METER | 'h' to toggle high res., 'k' to do a calibration
18:56:18 METER | Hit ESC or Q to exit, any other key to take a reading:
18:56:18 MEASURE stage=two_point_high_candidate_2 level=100% read=3/3
18:56:20 METER | Result is XYZ: 100.141364 105.128311 114.973569, D50 Lab: 101.949984 -2.054074 -20.043849
18:56:20 METER | Place instrument on spot to be measured,
18:56:20 METER | and hit [A-Z] to read white and setup FWA compensation (keyed to letter)
18:56:20 METER | [a-z] to read and make FWA compensated reading from keyed reference
18:56:20 METER | 'r' to set reference, 's' to save spectrum,
18:56:20 METER | 'f' to report cal. refresh rate, 'F' to measure refresh rate
18:56:20 METER | 'h' to toggle high res., 'k' to do a calibration
18:56:20 METER | Hit ESC or Q to exit, any other key to take a reading:
18:56:20 POINT stage=two_point_high_candidate_2 level=100% Y=105.254674 xy=(0.31222,0.32817) noise_uv=0.000321 noise_Y=0.14%
18:56:20 DECISION two_point_high iteration=2 ACCEPT chroma=1.177->0.711 max=1.567->1.032
18:56:20 TV > QWB:HIR
18:56:20 TV < QWB:HIR+01
18:56:20 TV > QWB:HIB
18:56:20 TV < QWB:HIB-03
18:56:20 TV > VWB:HIR007
18:56:20 TV < VWB:HIR
18:56:20 TV > QWB:HIR
18:56:20 TV < QWB:HIR+07
18:56:21 PATCH 100% area=0.065 range=full \\.\DISPLAY2
18:56:23 MEASURE stage=two_point_high_WB:HIR_trial level=100% read=1/1
18:56:25 METER | Result is XYZ: 102.704182 106.427675 115.153718, D50 Lab: 102.433941 0.143083 -19.326061
18:56:25 METER | Place instrument on spot to be measured,
18:56:25 METER | and hit [A-Z] to read white and setup FWA compensation (keyed to letter)
18:56:25 METER | [a-z] to read and make FWA compensated reading from keyed reference
18:56:25 METER | 'r' to set reference, 's' to save spectrum,
18:56:25 METER | 'f' to report cal. refresh rate, 'F' to measure refresh rate
18:56:25 METER | 'h' to toggle high res., 'k' to do a calibration
18:56:25 METER | Hit ESC or Q to exit, any other key to take a reading:
18:56:25 POINT stage=two_point_high_WB:HIR_trial level=100% Y=106.427675 xy=(0.31671,0.32819) noise_uv=0.000000 noise_Y=0.00%
18:56:25 TV > VWB:HIR001
18:56:25 TV < VWB:HIR
18:56:25 TV > QWB:HIR
18:56:25 TV < QWB:HIR+01
18:56:25 PATCH 100% area=0.065 range=full \\.\DISPLAY2
18:56:27 MEASURE stage=two_point_high_WB:HIR_restored level=100% read=1/1
18:56:30 METER | Result is XYZ: 99.841458 104.757252 114.796640, D50 Lab: 101.811049 -1.961199 -20.168736
18:56:30 METER | Place instrument on spot to be measured,
18:56:30 METER | and hit [A-Z] to read white and setup FWA compensation (keyed to letter)
18:56:30 METER | [a-z] to read and make FWA compensated reading from keyed reference
18:56:30 METER | 'r' to set reference, 's' to save spectrum,
18:56:30 METER | 'f' to report cal. refresh rate, 'F' to measure refresh rate
18:56:30 METER | 'h' to toggle high res., 'k' to do a calibration
18:56:30 METER | Hit ESC or Q to exit, any other key to take a reading:
18:56:30 POINT stage=two_point_high_WB:HIR_restored level=100% Y=104.757252 xy=(0.31260,0.32799) noise_uv=0.000000 noise_Y=0.00%
18:56:30 TV > VWB:HIB003
18:56:30 TV < VWB:HIB
18:56:30 TV > QWB:HIB
18:56:30 TV < QWB:HIB+03
18:56:30 PATCH 100% area=0.065 range=full \\.\DISPLAY2
18:56:32 MEASURE stage=two_point_high_WB:HIB_trial level=100% read=1/1
18:56:34 METER | Result is XYZ: 100.819516 104.853344 121.763958, D50 Lab: 101.847060 -0.470010 -24.535602
18:56:34 METER | Place instrument on spot to be measured,
18:56:34 METER | and hit [A-Z] to read white and setup FWA compensation (keyed to letter)
18:56:34 METER | [a-z] to read and make FWA compensated reading from keyed reference
18:56:34 METER | 'r' to set reference, 's' to save spectrum,
18:56:34 METER | 'f' to report cal. refresh rate, 'F' to measure refresh rate
18:56:34 METER | 'h' to toggle high res., 'k' to do a calibration
18:56:34 METER | Hit ESC or Q to exit, any other key to take a reading:
18:56:34 POINT stage=two_point_high_WB:HIB_trial level=100% Y=104.853344 xy=(0.30791,0.32022) noise_uv=0.000000 noise_Y=0.00%
18:56:34 TV > VWB:HIB-03
18:56:34 TV < VWB:HIB
18:56:34 TV > QWB:HIB
18:56:34 TV < QWB:HIB-03
18:56:34 PATCH 100% area=0.065 range=full \\.\DISPLAY2
18:56:36 MEASURE stage=two_point_high_WB:HIB_restored level=100% read=1/1
18:56:39 METER | Result is XYZ: 99.590233 104.471224 114.527579, D50 Lab: 101.703727 -1.923240 -20.179185
18:56:39 METER | Place instrument on spot to be measured,
18:56:39 METER | and hit [A-Z] to read white and setup FWA compensation (keyed to letter)
18:56:39 METER | [a-z] to read and make FWA compensated reading from keyed reference
18:56:39 METER | 'r' to set reference, 's' to save spectrum,
18:56:39 METER | 'f' to report cal. refresh rate, 'F' to measure refresh rate
18:56:39 METER | 'h' to toggle high res., 'k' to do a calibration
18:56:39 METER | Hit ESC or Q to exit, any other key to take a reading:
18:56:39 POINT stage=two_point_high_WB:HIB_restored level=100% Y=104.471224 xy=(0.31260,0.32792) noise_uv=0.000000 noise_Y=0.00%
18:56:39 PATCH  60% area=0.065 range=full \\.\DISPLAY2
18:56:41 MEASURE stage=two_point_high_reference_3 level=60% read=1/1
18:56:43 METER | Result is XYZ: 33.185234 35.056168 38.999364, D50 Lab: 65.792372 -2.154893 -14.783572
18:56:43 METER | Place instrument on spot to be measured,
18:56:43 METER | and hit [A-Z] to read white and setup FWA compensation (keyed to letter)
18:56:43 METER | [a-z] to read and make FWA compensated reading from keyed reference
18:56:43 METER | 'r' to set reference, 's' to save spectrum,
18:56:43 METER | 'f' to report cal. refresh rate, 'F' to measure refresh rate
18:56:43 METER | 'h' to toggle high res., 'k' to do a calibration
18:56:43 METER | Hit ESC or Q to exit, any other key to take a reading:
18:56:43 POINT stage=two_point_high_reference_3 level=60% Y=35.056168 xy=(0.30945,0.32689) noise_uv=0.000000 noise_Y=0.00%
18:56:43 PATCH  80% area=0.065 range=full \\.\DISPLAY2
18:56:45 MEASURE stage=two_point_high_reference_3 level=80% read=1/1
18:56:48 METER | Result is XYZ: 64.221712 67.828553 74.247221, D50 Lab: 85.920647 -2.655401 -17.377596
18:56:48 METER | Place instrument on spot to be measured,
18:56:48 METER | and hit [A-Z] to read white and setup FWA compensation (keyed to letter)
18:56:48 METER | [a-z] to read and make FWA compensated reading from keyed reference
18:56:48 METER | 'r' to set reference, 's' to save spectrum,
18:56:48 METER | 'f' to report cal. refresh rate, 'F' to measure refresh rate
18:56:48 METER | 'h' to toggle high res., 'k' to do a calibration
18:56:48 METER | Hit ESC or Q to exit, any other key to take a reading:
18:56:48 POINT stage=two_point_high_reference_3 level=80% Y=67.828553 xy=(0.31131,0.32879) noise_uv=0.000000 noise_Y=0.00%
18:56:48 TV > VWB:HIR000
18:56:48 TV < VWB:HIR
18:56:48 TV > QWB:HIR
18:56:48 TV < QWB:HIR000
18:56:48 TV > VWB:HIB-04
18:56:48 TV < VWB:HIB
18:56:48 TV > QWB:HIB
18:56:48 TV < QWB:HIB-04
18:56:48 PATCH  60% area=0.065 range=full \\.\DISPLAY2
18:56:50 MEASURE stage=two_point_high_candidate_3 level=60% read=1/1
18:56:53 METER | Result is XYZ: 33.004193 35.070794 38.559843, D50 Lab: 65.803746 -2.842275 -14.176447
18:56:53 METER | Place instrument on spot to be measured,
18:56:53 METER | and hit [A-Z] to read white and setup FWA compensation (keyed to letter)
18:56:53 METER | [a-z] to read and make FWA compensated reading from keyed reference
18:56:53 METER | 'r' to set reference, 's' to save spectrum,
18:56:53 METER | 'f' to report cal. refresh rate, 'F' to measure refresh rate
18:56:53 METER | 'h' to toggle high res., 'k' to do a calibration
18:56:53 METER | Hit ESC or Q to exit, any other key to take a reading:
18:56:53 POINT stage=two_point_high_candidate_3 level=60% Y=35.070794 xy=(0.30951,0.32889) noise_uv=0.000000 noise_Y=0.00%
18:56:53 PATCH  80% area=0.065 range=full \\.\DISPLAY2
18:56:55 MEASURE stage=two_point_high_candidate_3 level=80% read=1/1
18:56:57 METER | Result is XYZ: 63.799240 67.541085 73.161790, D50 Lab: 85.776458 -2.993499 -16.680574
18:56:57 METER | Place instrument on spot to be measured,
18:56:57 METER | and hit [A-Z] to read white and setup FWA compensation (keyed to letter)
18:56:57 METER | [a-z] to read and make FWA compensated reading from keyed reference
18:56:57 METER | 'r' to set reference, 's' to save spectrum,
18:56:57 METER | 'f' to report cal. refresh rate, 'F' to measure refresh rate
18:56:57 METER | 'h' to toggle high res., 'k' to do a calibration
18:56:57 METER | Hit ESC or Q to exit, any other key to take a reading:
18:56:57 POINT stage=two_point_high_candidate_3 level=80% Y=67.541085 xy=(0.31197,0.33027) noise_uv=0.000000 noise_Y=0.00%
18:56:57 PATCH 100% area=0.065 range=full \\.\DISPLAY2
18:56:59 MEASURE stage=two_point_high_candidate_3 level=100% read=1/3
18:57:02 METER | Result is XYZ: 98.346909 104.057857 112.106287, D50 Lab: 101.548281 -3.365315 -18.863639
18:57:02 METER | Place instrument on spot to be measured,
18:57:02 METER | and hit [A-Z] to read white and setup FWA compensation (keyed to letter)
18:57:02 METER | [a-z] to read and make FWA compensated reading from keyed reference
18:57:02 METER | 'r' to set reference, 's' to save spectrum,
18:57:02 METER | 'f' to report cal. refresh rate, 'F' to measure refresh rate
18:57:02 METER | 'h' to toggle high res., 'k' to do a calibration
18:57:02 METER | Hit ESC or Q to exit, any other key to take a reading:
18:57:02 MEASURE stage=two_point_high_candidate_3 level=100% read=2/3
18:57:04 METER | Result is XYZ: 98.451902 103.781894 111.702481, D50 Lab: 101.444276 -2.737973 -18.776652
18:57:04 METER | Place instrument on spot to be measured,
18:57:04 METER | and hit [A-Z] to read white and setup FWA compensation (keyed to letter)
18:57:04 METER | [a-z] to read and make FWA compensated reading from keyed reference
18:57:04 METER | 'r' to set reference, 's' to save spectrum,
18:57:04 METER | 'f' to report cal. refresh rate, 'F' to measure refresh rate
18:57:04 METER | 'h' to toggle high res., 'k' to do a calibration
18:57:04 METER | Hit ESC or Q to exit, any other key to take a reading:
18:57:04 MEASURE stage=two_point_high_candidate_3 level=100% read=3/3
18:57:07 METER | Result is XYZ: 98.631283 103.967788 112.435807, D50 Lab: 101.514356 -2.734441 -19.138973
18:57:07 METER | Place instrument on spot to be measured,
18:57:07 METER | and hit [A-Z] to read white and setup FWA compensation (keyed to letter)
18:57:07 METER | [a-z] to read and make FWA compensated reading from keyed reference
18:57:07 METER | 'r' to set reference, 's' to save spectrum,
18:57:07 METER | 'f' to report cal. refresh rate, 'F' to measure refresh rate
18:57:07 METER | 'h' to toggle high res., 'k' to do a calibration
18:57:07 METER | Hit ESC or Q to exit, any other key to take a reading:
18:57:07 POINT stage=two_point_high_candidate_3 level=100% Y=103.967788 xy=(0.31302,0.33055) noise_uv=0.000410 noise_Y=0.18%
18:57:07 TV > VWB:HIR001
18:57:07 TV < VWB:HIR
18:57:07 TV > QWB:HIR
18:57:07 TV < QWB:HIR+01
18:57:07 TV > VWB:HIB-03
18:57:07 TV < VWB:HIB
18:57:07 TV > QWB:HIB
18:57:07 TV < QWB:HIB-03
18:57:07 DECISION two_point_high iteration=3 RESTORE chroma=0.972->1.399 max=1.176->1.703
18:57:07 TWO-POINT LOW: measuring and correcting 10%
18:57:07 TV > QWB:LOR
18:57:07 TV < QWB:LOR000
18:57:07 TV > QWB:LOB
18:57:07 TV < QWB:LOB000
18:57:07 PATCH  10% area=0.065 range=full \\.\DISPLAY2
18:57:09 MEASURE stage=two_point_low_before_1 level=10% read=1/1
18:57:20 METER | Result is XYZ: 1.716492 1.804939 1.919979, D50 Lab: 14.428383 -0.601528 -4.640519
18:57:20 METER | Place instrument on spot to be measured,
18:57:20 METER | and hit [A-Z] to read white and setup FWA compensation (keyed to letter)
18:57:20 METER | [a-z] to read and make FWA compensated reading from keyed reference
18:57:20 METER | 'r' to set reference, 's' to save spectrum,
18:57:20 METER | 'f' to report cal. refresh rate, 'F' to measure refresh rate
18:57:20 METER | 'h' to toggle high res., 'k' to do a calibration
18:57:20 METER | Hit ESC or Q to exit, any other key to take a reading:
18:57:20 POINT stage=two_point_low_before_1 level=10% Y=1.804939 xy=(0.31545,0.33170) noise_uv=0.000000 noise_Y=0.00%
18:57:20 TV > VWB:ISL100
18:57:20 TV < VWB:ISL
18:57:20 TV > VWB:SLG100
18:57:20 TV < VWB:SLG
18:57:20 TV > QWB:GNR
18:57:20 TV < QWB:GNR000
18:57:20 PATCH  95% area=0.065 range=full \\.\DISPLAY2
18:57:22 MEASURE stage=white_balance_slot100_map_95_before level=95% read=1/1
18:57:24 METER | Result is XYZ: 94.329663 99.275277 108.367003, D50 Lab: 99.719094 -2.429373 -19.526440
18:57:24 METER | Place instrument on spot to be measured,
18:57:24 METER | and hit [A-Z] to read white and setup FWA compensation (keyed to letter)
18:57:24 METER | [a-z] to read and make FWA compensated reading from keyed reference
18:57:24 METER | 'r' to set reference, 's' to save spectrum,
18:57:24 METER | 'f' to report cal. refresh rate, 'F' to measure refresh rate
18:57:24 METER | 'h' to toggle high res., 'k' to do a calibration
18:57:24 METER | Hit ESC or Q to exit, any other key to take a reading:
18:57:24 POINT stage=white_balance_slot100_map_95_before level=95% Y=99.275277 xy=(0.31238,0.32876) noise_uv=0.000000 noise_Y=0.00%
18:57:24 PATCH 100% area=0.065 range=full \\.\DISPLAY2
18:57:26 MEASURE stage=white_balance_slot100_map_100_before level=100% read=1/1
18:57:29 METER | Result is XYZ: 98.896437 103.834185 113.576094, D50 Lab: 101.463997 -2.066327 -19.972917
18:57:29 METER | Place instrument on spot to be measured,
18:57:29 METER | and hit [A-Z] to read white and setup FWA compensation (keyed to letter)
18:57:29 METER | [a-z] to read and make FWA compensated reading from keyed reference
18:57:29 METER | 'r' to set reference, 's' to save spectrum,
18:57:29 METER | 'f' to report cal. refresh rate, 'F' to measure refresh rate
18:57:29 METER | 'h' to toggle high res., 'k' to do a calibration
18:57:29 METER | Hit ESC or Q to exit, any other key to take a reading:
18:57:29 POINT stage=white_balance_slot100_map_100_before level=100% Y=103.834185 xy=(0.31266,0.32827) noise_uv=0.000000 noise_Y=0.00%
18:57:29 TV > VWB:ISL100
18:57:29 TV < VWB:ISL
18:57:29 TV > VWB:SLG100
18:57:29 TV < VWB:SLG
18:57:29 TV > VWB:GNR006
18:57:29 TV < VWB:GNR
18:57:29 TV > QWB:GNR
18:57:29 TV < QWB:GNR+06
18:57:29 PATCH  95% area=0.065 range=full \\.\DISPLAY2
18:57:31 MEASURE stage=white_balance_slot100_map_95_changed level=95% read=1/1
18:57:33 METER | Result is XYZ: 94.951044 99.480319 108.087249, D50 Lab: 99.798708 -1.685023 -19.200525
18:57:33 METER | Place instrument on spot to be measured,
18:57:33 METER | and hit [A-Z] to read white and setup FWA compensation (keyed to letter)
18:57:33 METER | [a-z] to read and make FWA compensated reading from keyed reference
18:57:33 METER | 'r' to set reference, 's' to save spectrum,
18:57:33 METER | 'f' to report cal. refresh rate, 'F' to measure refresh rate
18:57:33 METER | 'h' to toggle high res., 'k' to do a calibration
18:57:33 METER | Hit ESC or Q to exit, any other key to take a reading:
18:57:33 POINT stage=white_balance_slot100_map_95_changed level=95% Y=99.480319 xy=(0.31387,0.32884) noise_uv=0.000000 noise_Y=0.00%
18:57:33 PATCH 100% area=0.065 range=full \\.\DISPLAY2
18:57:35 MEASURE stage=white_balance_slot100_map_100_changed level=100% read=1/1
18:57:38 METER | Result is XYZ: 98.824891 103.558971 113.898821, D50 Lab: 101.360125 -1.740231 -20.362549
18:57:38 METER | Place instrument on spot to be measured,
18:57:38 METER | and hit [A-Z] to read white and setup FWA compensation (keyed to letter)
18:57:38 METER | [a-z] to read and make FWA compensated reading from keyed reference
18:57:38 METER | 'r' to set reference, 's' to save spectrum,
18:57:38 METER | 'f' to report cal. refresh rate, 'F' to measure refresh rate
18:57:38 METER | 'h' to toggle high res., 'k' to do a calibration
18:57:38 METER | Hit ESC or Q to exit, any other key to take a reading:
18:57:38 POINT stage=white_balance_slot100_map_100_changed level=100% Y=103.558971 xy=(0.31246,0.32743) noise_uv=0.000000 noise_Y=0.00%
18:57:38 TV > VWB:ISL100
18:57:38 TV < VWB:ISL
18:57:38 TV > VWB:SLG100
18:57:38 TV < VWB:SLG
18:57:38 TV > VWB:GNR000
18:57:38 TV < VWB:GNR
18:57:38 TV > QWB:GNR
18:57:38 TV < QWB:GNR000
18:57:38 PATCH  95% area=0.065 range=full \\.\DISPLAY2
18:57:40 MEASURE stage=white_balance_slot100_map_95_restored level=95% read=1/1
18:57:42 METER | Result is XYZ: 94.119312 98.928064 108.334098, D50 Lab: 99.584028 -2.216421 -19.737140
18:57:42 METER | Place instrument on spot to be measured,
18:57:42 METER | and hit [A-Z] to read white and setup FWA compensation (keyed to letter)
18:57:42 METER | [a-z] to read and make FWA compensated reading from keyed reference
18:57:42 METER | 'r' to set reference, 's' to save spectrum,
18:57:42 METER | 'f' to report cal. refresh rate, 'F' to measure refresh rate
18:57:42 METER | 'h' to toggle high res., 'k' to do a calibration
18:57:42 METER | Hit ESC or Q to exit, any other key to take a reading:
18:57:42 POINT stage=white_balance_slot100_map_95_restored level=95% Y=98.928064 xy=(0.31229,0.32825) noise_uv=0.000000 noise_Y=0.00%
18:57:43 PATCH 100% area=0.065 range=full \\.\DISPLAY2
18:57:45 MEASURE stage=white_balance_slot100_map_100_restored level=100% read=1/1
18:57:47 METER | Result is XYZ: 98.594487 103.390819 113.614496, D50 Lab: 101.296571 -1.858367 -20.286657
18:57:47 METER | Place instrument on spot to be measured,
18:57:47 METER | and hit [A-Z] to read white and setup FWA compensation (keyed to letter)
18:57:47 METER | [a-z] to read and make FWA compensated reading from keyed reference
18:57:47 METER | 'r' to set reference, 's' to save spectrum,
18:57:47 METER | 'f' to report cal. refresh rate, 'F' to measure refresh rate
18:57:47 METER | 'h' to toggle high res., 'k' to do a calibration
18:57:47 METER | Hit ESC or Q to exit, any other key to take a reading:
18:57:47 POINT stage=white_balance_slot100_map_100_restored level=100% Y=103.390819 xy=(0.31240,0.32760) noise_uv=0.000000 noise_Y=0.00%
18:57:47 SLOT100 MAP family=white_balance code=WB:GNR 95effect=0.000171 100effect=0.000053 confirmed=True
18:57:47 TV > VWB:ISL010
18:57:47 TV < VWB:ISL
18:57:47 TV > VWB:SLG010
18:57:47 TV < VWB:SLG
18:57:47 TV > QWB:GNR
18:57:47 TV < QWB:GNR000
18:57:47 TV > QWB:GNB
18:57:47 TV < QWB:GNB000
18:57:47 PATCH   5% area=0.065 range=full \\.\DISPLAY2
18:57:49 MEASURE stage=detail_10_before_1 level=5% read=1/3
18:58:08 METER | Result is XYZ: 0.925235 1.001332 0.911580, D50 Lab: 9.002533 -1.518987 -1.440039
18:58:08 METER | Place instrument on spot to be measured,
18:58:08 METER | and hit [A-Z] to read white and setup FWA compensation (keyed to letter)
18:58:08 METER | [a-z] to read and make FWA compensated reading from keyed reference
18:58:08 METER | 'r' to set reference, 's' to save spectrum,
18:58:08 METER | 'f' to report cal. refresh rate, 'F' to measure refresh rate
18:58:08 METER | 'h' to toggle high res., 'k' to do a calibration
18:58:08 METER | Hit ESC or Q to exit, any other key to take a reading:
18:58:08 MEASURE stage=detail_10_before_1 level=5% read=2/3
18:58:28 METER | Result is XYZ: 0.929897 1.004212 0.918428, D50 Lab: 9.026479 -1.444057 -1.510041
18:58:28 METER | Place instrument on spot to be measured,
18:58:28 METER | and hit [A-Z] to read white and setup FWA compensation (keyed to letter)
18:58:28 METER | [a-z] to read and make FWA compensated reading from keyed reference
18:58:28 METER | 'r' to set reference, 's' to save spectrum,
18:58:28 METER | 'f' to report cal. refresh rate, 'F' to measure refresh rate
18:58:28 METER | 'h' to toggle high res., 'k' to do a calibration
18:58:28 METER | Hit ESC or Q to exit, any other key to take a reading:
18:58:28 MEASURE stage=detail_10_before_1 level=5% read=3/3
18:58:45 METER | Result is XYZ: 0.930302 1.006450 0.917211, D50 Lab: 9.045055 -1.508649 -1.458267
18:58:45 METER | Place instrument on spot to be measured,
18:58:45 METER | and hit [A-Z] to read white and setup FWA compensation (keyed to letter)
18:58:45 METER | [a-z] to read and make FWA compensated reading from keyed reference
18:58:45 METER | 'r' to set reference, 's' to save spectrum,
18:58:45 METER | 'f' to report cal. refresh rate, 'F' to measure refresh rate
18:58:45 METER | 'h' to toggle high res., 'k' to do a calibration
18:58:45 METER | Hit ESC or Q to exit, any other key to take a reading:
18:58:45 POINT stage=detail_10_before_1 level=5% Y=1.004212 xy=(0.32613,0.35219) noise_uv=0.000421 noise_Y=0.29%
18:58:46 PATCH  10% area=0.065 range=full \\.\DISPLAY2
18:58:48 MEASURE stage=detail_10_before_1 level=10% read=1/3
18:59:03 METER | Result is XYZ: 1.712965 1.805234 1.901469, D50 Lab: 14.430036 -0.698142 -4.453570
18:59:03 METER | Place instrument on spot to be measured,
18:59:03 METER | and hit [A-Z] to read white and setup FWA compensation (keyed to letter)
18:59:03 METER | [a-z] to read and make FWA compensated reading from keyed reference
18:59:03 METER | 'r' to set reference, 's' to save spectrum,
18:59:03 METER | 'f' to report cal. refresh rate, 'F' to measure refresh rate
18:59:03 METER | 'h' to toggle high res., 'k' to do a calibration
18:59:03 METER | Hit ESC or Q to exit, any other key to take a reading:
18:59:03 MEASURE stage=detail_10_before_1 level=10% read=2/3
18:59:14 METER | Result is XYZ: 1.716026 1.805692 1.902046, D50 Lab: 14.432612 -0.631577 -4.454876
18:59:14 METER | Place instrument on spot to be measured,
18:59:14 METER | and hit [A-Z] to read white and setup FWA compensation (keyed to letter)
18:59:14 METER | [a-z] to read and make FWA compensated reading from keyed reference
18:59:14 METER | 'r' to set reference, 's' to save spectrum,
18:59:14 METER | 'f' to report cal. refresh rate, 'F' to measure refresh rate
18:59:14 METER | 'h' to toggle high res., 'k' to do a calibration
18:59:14 METER | Hit ESC or Q to exit, any other key to take a reading:
18:59:14 MEASURE stage=detail_10_before_1 level=10% read=3/3
18:59:24 METER | Result is XYZ: 1.719268 1.811165 1.921183, D50 Lab: 14.463329 -0.681820 -4.592192
18:59:24 METER | Place instrument on spot to be measured,
18:59:24 METER | and hit [A-Z] to read white and setup FWA compensation (keyed to letter)
18:59:24 METER | [a-z] to read and make FWA compensated reading from keyed reference
18:59:24 METER | 'r' to set reference, 's' to save spectrum,
18:59:24 METER | 'f' to report cal. refresh rate, 'F' to measure refresh rate
18:59:24 METER | 'h' to toggle high res., 'k' to do a calibration
18:59:24 METER | Hit ESC or Q to exit, any other key to take a reading:
18:59:24 POINT stage=detail_10_before_1 level=10% Y=1.805692 xy=(0.31639,0.33292) noise_uv=0.000683 noise_Y=0.30%
18:59:24 PATCH  15% area=0.065 range=full \\.\DISPLAY2
18:59:26 MEASURE stage=detail_10_before_1 level=15% read=1/1
18:59:33 METER | Result is XYZ: 2.824704 2.968634 3.327537, D50 Lab: 19.917841 -0.682016 -6.664073
18:59:33 METER | Place instrument on spot to be measured,
18:59:33 METER | and hit [A-Z] to read white and setup FWA compensation (keyed to letter)
18:59:33 METER | [a-z] to read and make FWA compensated reading from keyed reference
18:59:33 METER | 'r' to set reference, 's' to save spectrum,
18:59:33 METER | 'f' to report cal. refresh rate, 'F' to measure refresh rate
18:59:33 METER | 'h' to toggle high res., 'k' to do a calibration
18:59:33 METER | Hit ESC or Q to exit, any other key to take a reading:
18:59:33 POINT stage=detail_10_before_1 level=15% Y=2.968634 xy=(0.30970,0.32548) noise_uv=0.000000 noise_Y=0.00%
18:59:33 TV > VWB:ISL010
18:59:33 TV < VWB:ISL
18:59:33 TV > VWB:SLG010
18:59:33 TV < VWB:SLG
18:59:33 TV > VWB:GNR006
18:59:33 TV < VWB:GNR
18:59:33 TV > QWB:GNR
18:59:33 TV < QWB:GNR+06
18:59:33 PATCH  10% area=0.065 range=full \\.\DISPLAY2
18:59:35 MEASURE stage=detail_10_WB:GNR_trial level=10% read=1/1
18:59:46 METER | Result is XYZ: 1.723113 1.816549 1.914440, D50 Lab: 14.493483 -0.714498 -4.473304
18:59:46 METER | Place instrument on spot to be measured,
18:59:46 METER | and hit [A-Z] to read white and setup FWA compensation (keyed to letter)
18:59:46 METER | [a-z] to read and make FWA compensated reading from keyed reference
18:59:46 METER | 'r' to set reference, 's' to save spectrum,
18:59:46 METER | 'f' to report cal. refresh rate, 'F' to measure refresh rate
18:59:46 METER | 'h' to toggle high res., 'k' to do a calibration
18:59:46 METER | Hit ESC or Q to exit, any other key to take a reading:
18:59:46 POINT stage=detail_10_WB:GNR_trial level=10% Y=1.816549 xy=(0.31593,0.33306) noise_uv=0.000000 noise_Y=0.00%
18:59:46 TV > VWB:ISL010
18:59:46 TV < VWB:ISL
18:59:46 TV > VWB:SLG010
18:59:46 TV < VWB:SLG
18:59:46 TV > VWB:GNR000
18:59:46 TV < VWB:GNR
18:59:46 TV > QWB:GNR
18:59:46 TV < QWB:GNR000
18:59:46 PATCH  10% area=0.065 range=full \\.\DISPLAY2
18:59:48 MEASURE stage=detail_10_WB:GNR_restored level=10% read=1/1
18:59:58 METER | Result is XYZ: 1.728628 1.818413 1.926611, D50 Lab: 14.503912 -0.620126 -4.575966
18:59:58 METER | Place instrument on spot to be measured,
18:59:58 METER | and hit [A-Z] to read white and setup FWA compensation (keyed to letter)
18:59:58 METER | [a-z] to read and make FWA compensated reading from keyed reference
18:59:58 METER | 'r' to set reference, 's' to save spectrum,
18:59:58 METER | 'f' to report cal. refresh rate, 'F' to measure refresh rate
18:59:58 METER | 'h' to toggle high res., 'k' to do a calibration
18:59:58 METER | Hit ESC or Q to exit, any other key to take a reading:
18:59:58 POINT stage=detail_10_WB:GNR_restored level=10% Y=1.818413 xy=(0.31581,0.33221) noise_uv=0.000000 noise_Y=0.00%
18:59:58 TV > VWB:ISL010
18:59:58 TV < VWB:ISL
18:59:58 TV > VWB:SLG010
18:59:58 TV < VWB:SLG
18:59:58 TV > VWB:GNB006
18:59:58 TV < VWB:GNB
18:59:58 TV > QWB:GNB
18:59:58 TV < QWB:GNB+06
18:59:58 PATCH  10% area=0.065 range=full \\.\DISPLAY2
19:00:00 MEASURE stage=detail_10_WB:GNB_trial level=10% read=1/1
19:00:10 METER | Result is XYZ: 1.722721 1.816051 1.916844, D50 Lab: 14.490697 -0.712398 -4.501981
19:00:10 METER | Place instrument on spot to be measured,
19:00:10 METER | and hit [A-Z] to read white and setup FWA compensation (keyed to letter)
19:00:10 METER | [a-z] to read and make FWA compensated reading from keyed reference
19:00:10 METER | 'r' to set reference, 's' to save spectrum,
19:00:10 METER | 'f' to report cal. refresh rate, 'F' to measure refresh rate
19:00:10 METER | 'h' to toggle high res., 'k' to do a calibration
19:00:10 METER | Hit ESC or Q to exit, any other key to take a reading:
19:00:10 POINT stage=detail_10_WB:GNB_trial level=10% Y=1.816051 xy=(0.31577,0.33288) noise_uv=0.000000 noise_Y=0.00%
19:00:10 TV > VWB:ISL010
19:00:10 TV < VWB:ISL
19:00:10 TV > VWB:SLG010
19:00:10 TV < VWB:SLG
19:00:10 TV > VWB:GNB000
19:00:10 TV < VWB:GNB
19:00:10 TV > QWB:GNB
19:00:10 TV < QWB:GNB000
19:00:10 PATCH  10% area=0.065 range=full \\.\DISPLAY2
19:00:12 MEASURE stage=detail_10_WB:GNB_restored level=10% read=1/1
19:00:23 METER | Result is XYZ: 1.719889 1.817122 1.908495, D50 Lab: 14.496686 -0.809890 -4.408674
19:00:23 METER | Place instrument on spot to be measured,
19:00:23 METER | and hit [A-Z] to read white and setup FWA compensation (keyed to letter)
19:00:23 METER | [a-z] to read and make FWA compensated reading from keyed reference
19:00:23 METER | 'r' to set reference, 's' to save spectrum,
19:00:23 METER | 'f' to report cal. refresh rate, 'F' to measure refresh rate
19:00:23 METER | 'h' to toggle high res., 'k' to do a calibration
19:00:23 METER | Hit ESC or Q to exit, any other key to take a reading:
19:00:23 POINT stage=detail_10_WB:GNB_restored level=10% Y=1.817122 xy=(0.31584,0.33369) noise_uv=0.000000 noise_Y=0.00%
19:00:23 PATCH   5% area=0.065 range=full \\.\DISPLAY2
19:00:25 MEASURE stage=detail_10_reference_1 level=5% read=1/3
19:00:44 METER | Result is XYZ: 0.936515 1.011877 0.915808, D50 Lab: 9.089993 -1.465933 -1.358026
19:00:44 METER | Place instrument on spot to be measured,
19:00:44 METER | and hit [A-Z] to read white and setup FWA compensation (keyed to letter)
19:00:44 METER | [a-z] to read and make FWA compensated reading from keyed reference
19:00:44 METER | 'r' to set reference, 's' to save spectrum,
19:00:44 METER | 'f' to report cal. refresh rate, 'F' to measure refresh rate
19:00:44 METER | 'h' to toggle high res., 'k' to do a calibration
19:00:44 METER | Hit ESC or Q to exit, any other key to take a reading:
19:00:44 MEASURE stage=detail_10_reference_1 level=5% read=2/3
19:01:03 METER | Result is XYZ: 0.937629 1.015605 0.924817, D50 Lab: 9.120769 -1.556306 -1.450784
19:01:03 METER | Place instrument on spot to be measured,
19:01:03 METER | and hit [A-Z] to read white and setup FWA compensation (keyed to letter)
19:01:03 METER | [a-z] to read and make FWA compensated reading from keyed reference
19:01:03 METER | 'r' to set reference, 's' to save spectrum,
19:01:03 METER | 'f' to report cal. refresh rate, 'F' to measure refresh rate
19:01:03 METER | 'h' to toggle high res., 'k' to do a calibration
19:01:03 METER | Hit ESC or Q to exit, any other key to take a reading:
19:01:03 MEASURE stage=detail_10_reference_1 level=5% read=3/3
19:01:21 METER | Result is XYZ: 0.938028 1.016862 0.923446, D50 Lab: 9.131132 -1.585815 -1.410788
19:01:21 METER | Place instrument on spot to be measured,
19:01:21 METER | and hit [A-Z] to read white and setup FWA compensation (keyed to letter)
19:01:21 METER | [a-z] to read and make FWA compensated reading from keyed reference
19:01:21 METER | 'r' to set reference, 's' to save spectrum,
19:01:21 METER | 'f' to report cal. refresh rate, 'F' to measure refresh rate
19:01:21 METER | 'h' to toggle high res., 'k' to do a calibration
19:01:21 METER | Hit ESC or Q to exit, any other key to take a reading:
19:01:21 POINT stage=detail_10_reference_1 level=5% Y=1.015605 xy=(0.32594,0.35305) noise_uv=0.000659 noise_Y=0.37%
19:01:21 PATCH  10% area=0.065 range=full \\.\DISPLAY2
19:01:23 MEASURE stage=detail_10_reference_1 level=10% read=1/3
19:01:34 METER | Result is XYZ: 1.706354 1.799111 1.899862, D50 Lab: 14.395595 -0.717736 -4.496908
19:01:34 METER | Place instrument on spot to be measured,
19:01:34 METER | and hit [A-Z] to read white and setup FWA compensation (keyed to letter)
19:01:34 METER | [a-z] to read and make FWA compensated reading from keyed reference
19:01:34 METER | 'r' to set reference, 's' to save spectrum,
19:01:34 METER | 'f' to report cal. refresh rate, 'F' to measure refresh rate
19:01:34 METER | 'h' to toggle high res., 'k' to do a calibration
19:01:34 METER | Hit ESC or Q to exit, any other key to take a reading:
19:01:34 MEASURE stage=detail_10_reference_1 level=10% read=2/3
19:01:44 METER | Result is XYZ: 1.704884 1.800328 1.891673, D50 Lab: 14.402449 -0.784727 -4.403220
19:01:44 METER | Place instrument on spot to be measured,
19:01:44 METER | and hit [A-Z] to read white and setup FWA compensation (keyed to letter)
19:01:44 METER | [a-z] to read and make FWA compensated reading from keyed reference
19:01:44 METER | 'r' to set reference, 's' to save spectrum,
19:01:44 METER | 'f' to report cal. refresh rate, 'F' to measure refresh rate
19:01:44 METER | 'h' to toggle high res., 'k' to do a calibration
19:01:44 METER | Hit ESC or Q to exit, any other key to take a reading:
19:01:44 MEASURE stage=detail_10_reference_1 level=10% read=3/3
19:01:55 METER | Result is XYZ: 1.707998 1.799892 1.897399, D50 Lab: 14.399992 -0.694871 -4.464730
19:01:55 METER | Place instrument on spot to be measured,
19:01:55 METER | and hit [A-Z] to read white and setup FWA compensation (keyed to letter)
19:01:55 METER | [a-z] to read and make FWA compensated reading from keyed reference
19:01:55 METER | 'r' to set reference, 's' to save spectrum,
19:01:55 METER | 'f' to report cal. refresh rate, 'F' to measure refresh rate
19:01:55 METER | 'h' to toggle high res., 'k' to do a calibration
19:01:55 METER | Hit ESC or Q to exit, any other key to take a reading:
19:01:55 POINT stage=detail_10_reference_1 level=10% Y=1.799892 xy=(0.31578,0.33309) noise_uv=0.000298 noise_Y=0.04%
19:01:55 PATCH  15% area=0.065 range=full \\.\DISPLAY2
19:01:57 MEASURE stage=detail_10_reference_1 level=15% read=1/1
19:02:03 METER | Result is XYZ: 2.841808 2.992079 3.358339, D50 Lab: 20.012146 -0.778021 -6.712474
19:02:03 METER | Place instrument on spot to be measured,
19:02:03 METER | and hit [A-Z] to read white and setup FWA compensation (keyed to letter)
19:02:03 METER | [a-z] to read and make FWA compensated reading from keyed reference
19:02:03 METER | 'r' to set reference, 's' to save spectrum,
19:02:03 METER | 'f' to report cal. refresh rate, 'F' to measure refresh rate
19:02:03 METER | 'h' to toggle high res., 'k' to do a calibration
19:02:03 METER | Hit ESC or Q to exit, any other key to take a reading:
19:02:03 POINT stage=detail_10_reference_1 level=15% Y=2.992079 xy=(0.30915,0.32550) noise_uv=0.000000 noise_Y=0.00%
19:02:03 TV > VWB:ISL010
19:02:03 TV < VWB:ISL
19:02:03 TV > VWB:SLG010
19:02:03 TV < VWB:SLG
19:02:03 TV > VWB:GNR001
19:02:03 TV < VWB:GNR
19:02:03 TV > QWB:GNR
19:02:03 TV < QWB:GNR+01
19:02:03 TV > VWB:GNB005
19:02:03 TV < VWB:GNB
19:02:03 TV > QWB:GNB
19:02:03 TV < QWB:GNB+05
19:02:04 PATCH   5% area=0.065 range=full \\.\DISPLAY2
19:02:06 MEASURE stage=detail_10_candidate_1 level=5% read=1/3
19:02:23 METER | Result is XYZ: 0.938861 1.019022 0.917752, D50 Lab: 9.148908 -1.630872 -1.287996
19:02:23 METER | Place instrument on spot to be measured,
19:02:23 METER | and hit [A-Z] to read white and setup FWA compensation (keyed to letter)
19:02:23 METER | [a-z] to read and make FWA compensated reading from keyed reference
19:02:23 METER | 'r' to set reference, 's' to save spectrum,
19:02:23 METER | 'f' to report cal. refresh rate, 'F' to measure refresh rate
19:02:23 METER | 'h' to toggle high res., 'k' to do a calibration
19:02:23 METER | Hit ESC or Q to exit, any other key to take a reading:
19:02:23 MEASURE stage=detail_10_candidate_1 level=5% read=2/3
19:02:42 METER | Result is XYZ: 0.940796 1.020146 0.925780, D50 Lab: 9.158157 -1.597419 -1.401853
19:02:42 METER | Place instrument on spot to be measured,
19:02:42 METER | and hit [A-Z] to read white and setup FWA compensation (keyed to letter)
19:02:42 METER | [a-z] to read and make FWA compensated reading from keyed reference
19:02:42 METER | 'r' to set reference, 's' to save spectrum,
19:02:42 METER | 'f' to report cal. refresh rate, 'F' to measure refresh rate
19:02:42 METER | 'h' to toggle high res., 'k' to do a calibration
19:02:42 METER | Hit ESC or Q to exit, any other key to take a reading:
19:02:42 MEASURE stage=detail_10_candidate_1 level=5% read=3/3
19:03:00 METER | Result is XYZ: 0.942973 1.019807 0.921633, D50 Lab: 9.155370 -1.503058 -1.339699
19:03:00 METER | Place instrument on spot to be measured,
19:03:00 METER | and hit [A-Z] to read white and setup FWA compensation (keyed to letter)
19:03:00 METER | [a-z] to read and make FWA compensated reading from keyed reference
19:03:00 METER | 'r' to set reference, 's' to save spectrum,
19:03:00 METER | 'f' to report cal. refresh rate, 'F' to measure refresh rate
19:03:00 METER | 'h' to toggle high res., 'k' to do a calibration
19:03:00 METER | Hit ESC or Q to exit, any other key to take a reading:
19:03:00 POINT stage=detail_10_candidate_1 level=5% Y=1.019807 xy=(0.32641,0.35382) noise_uv=0.000439 noise_Y=0.08%
19:03:00 PATCH  10% area=0.065 range=full \\.\DISPLAY2
19:03:02 MEASURE stage=detail_10_candidate_1 level=10% read=1/3
19:03:13 METER | Result is XYZ: 1.717031 1.803154 1.912719, D50 Lab: 14.418343 -0.544588 -4.585763
19:03:13 METER | Place instrument on spot to be measured,
19:03:13 METER | and hit [A-Z] to read white and setup FWA compensation (keyed to letter)
19:03:13 METER | [a-z] to read and make FWA compensated reading from keyed reference
19:03:13 METER | 'r' to set reference, 's' to save spectrum,
19:03:13 METER | 'f' to report cal. refresh rate, 'F' to measure refresh rate
19:03:13 METER | 'h' to toggle high res., 'k' to do a calibration
19:03:13 METER | Hit ESC or Q to exit, any other key to take a reading:
19:03:13 MEASURE stage=detail_10_candidate_1 level=10% read=2/3
19:03:24 METER | Result is XYZ: 1.711432 1.804247 1.893125, D50 Lab: 14.424492 -0.713170 -4.379745
19:03:24 METER | Place instrument on spot to be measured,
19:03:24 METER | and hit [A-Z] to read white and setup FWA compensation (keyed to letter)
19:03:24 METER | [a-z] to read and make FWA compensated reading from keyed reference
19:03:24 METER | 'r' to set reference, 's' to save spectrum,
19:03:24 METER | 'f' to report cal. refresh rate, 'F' to measure refresh rate
19:03:24 METER | 'h' to toggle high res., 'k' to do a calibration
19:03:24 METER | Hit ESC or Q to exit, any other key to take a reading:
19:03:24 MEASURE stage=detail_10_candidate_1 level=10% read=3/3
19:03:34 METER | Result is XYZ: 1.709869 1.806746 1.891869, D50 Lab: 14.438530 -0.813396 -4.342973
19:03:34 METER | Place instrument on spot to be measured,
19:03:34 METER | and hit [A-Z] to read white and setup FWA compensation (keyed to letter)
19:03:34 METER | [a-z] to read and make FWA compensated reading from keyed reference
19:03:34 METER | 'r' to set reference, 's' to save spectrum,
19:03:34 METER | 'f' to report cal. refresh rate, 'F' to measure refresh rate
19:03:34 METER | 'h' to toggle high res., 'k' to do a calibration
19:03:34 METER | Hit ESC or Q to exit, any other key to take a reading:
19:03:34 POINT stage=detail_10_candidate_1 level=10% Y=1.804247 xy=(0.31642,0.33358) noise_uv=0.001012 noise_Y=0.14%
19:03:34 PATCH  15% area=0.065 range=full \\.\DISPLAY2
19:03:36 MEASURE stage=detail_10_candidate_1 level=15% read=1/1
19:03:43 METER | Result is XYZ: 2.841307 2.980250 3.362864, D50 Lab: 19.964626 -0.582263 -6.825291
19:03:43 METER | Place instrument on spot to be measured,
19:03:43 METER | and hit [A-Z] to read white and setup FWA compensation (keyed to letter)
19:03:43 METER | [a-z] to read and make FWA compensated reading from keyed reference
19:03:43 METER | 'r' to set reference, 's' to save spectrum,
19:03:43 METER | 'f' to report cal. refresh rate, 'F' to measure refresh rate
19:03:43 METER | 'h' to toggle high res., 'k' to do a calibration
19:03:43 METER | Hit ESC or Q to exit, any other key to take a reading:
19:03:43 POINT stage=detail_10_candidate_1 level=15% Y=2.980250 xy=(0.30936,0.32449) noise_uv=0.000000 noise_Y=0.00%
19:03:43 TV > VWB:ISL010
19:03:43 TV < VWB:ISL
19:03:43 TV > VWB:SLG010
19:03:43 TV < VWB:SLG
19:03:43 TV > VWB:GNR000
19:03:43 TV < VWB:GNR
19:03:43 TV > QWB:GNR
19:03:43 TV < QWB:GNR000
19:03:43 TV > VWB:GNB000
19:03:43 TV < VWB:GNB
19:03:43 TV > QWB:GNB
19:03:43 TV < QWB:GNB000
19:03:43 DECISION detail_10 iteration=1 RESTORE chroma=1.244->1.321 max=2.710->2.792
19:03:43 TV > VWB:ISL020
19:03:43 TV < VWB:ISL
19:03:43 TV > VWB:SLG020
19:03:43 TV < VWB:SLG
19:03:43 TV > QWB:GNR
19:03:43 TV < QWB:GNR000
19:03:43 TV > QWB:GNB
19:03:43 TV < QWB:GNB000
19:03:43 PATCH  15% area=0.065 range=full \\.\DISPLAY2
19:03:45 MEASURE stage=detail_20_before_1 level=15% read=1/1
19:03:52 METER | Result is XYZ: 2.846744 2.994990 3.360406, D50 Lab: 20.023823 -0.738983 -6.706454
19:03:52 METER | Place instrument on spot to be measured,
19:03:52 METER | and hit [A-Z] to read white and setup FWA compensation (keyed to letter)
19:03:52 METER | [a-z] to read and make FWA compensated reading from keyed reference
19:03:52 METER | 'r' to set reference, 's' to save spectrum,
19:03:52 METER | 'f' to report cal. refresh rate, 'F' to measure refresh rate
19:03:52 METER | 'h' to toggle high res., 'k' to do a calibration
19:03:52 METER | Hit ESC or Q to exit, any other key to take a reading:
19:03:52 POINT stage=detail_20_before_1 level=15% Y=2.994990 xy=(0.30936,0.32547) noise_uv=0.000000 noise_Y=0.00%
19:03:52 PATCH  20% area=0.065 range=full \\.\DISPLAY2
19:03:54 MEASURE stage=detail_20_before_1 level=20% read=1/1
19:03:58 METER | Result is XYZ: 4.081696 4.346273 5.082335, D50 Lab: 24.784674 -1.537458 -8.673585
19:03:58 METER | Place instrument on spot to be measured,
19:03:58 METER | and hit [A-Z] to read white and setup FWA compensation (keyed to letter)
19:03:58 METER | [a-z] to read and make FWA compensated reading from keyed reference
19:03:58 METER | 'r' to set reference, 's' to save spectrum,
19:03:58 METER | 'f' to report cal. refresh rate, 'F' to measure refresh rate
19:03:58 METER | 'h' to toggle high res., 'k' to do a calibration
19:03:58 METER | Hit ESC or Q to exit, any other key to take a reading:
19:03:58 POINT stage=detail_20_before_1 level=20% Y=4.346273 xy=(0.30212,0.32170) noise_uv=0.000000 noise_Y=0.00%
19:03:59 PATCH  25% area=0.065 range=full \\.\DISPLAY2
19:04:01 MEASURE stage=detail_20_before_1 level=25% read=1/1
19:04:04 METER | Result is XYZ: 5.955139 6.156469 7.299576, D50 Lab: 29.803839 0.211018 -10.151828
19:04:04 METER | Place instrument on spot to be measured,
19:04:04 METER | and hit [A-Z] to read white and setup FWA compensation (keyed to letter)
19:04:04 METER | [a-z] to read and make FWA compensated reading from keyed reference
19:04:04 METER | 'r' to set reference, 's' to save spectrum,
19:04:04 METER | 'f' to report cal. refresh rate, 'F' to measure refresh rate
19:04:04 METER | 'h' to toggle high res., 'k' to do a calibration
19:04:04 METER | Hit ESC or Q to exit, any other key to take a reading:
19:04:04 POINT stage=detail_20_before_1 level=25% Y=6.156469 xy=(0.30679,0.31716) noise_uv=0.000000 noise_Y=0.00%
19:04:04 TV > VWB:ISL020
19:04:04 TV < VWB:ISL
19:04:04 TV > VWB:SLG020
19:04:04 TV < VWB:SLG
19:04:04 TV > VWB:GNR006
19:04:04 TV < VWB:GNR
19:04:04 TV > QWB:GNR
19:04:04 TV < QWB:GNR+06
19:04:04 PATCH  20% area=0.065 range=full \\.\DISPLAY2
19:04:06 MEASURE stage=detail_20_WB:GNR_trial level=20% read=1/1
19:04:11 METER | Result is XYZ: 4.050529 4.291106 5.010505, D50 Lab: 24.611378 -1.235163 -8.598465
19:04:11 METER | Place instrument on spot to be measured,
19:04:11 METER | and hit [A-Z] to read white and setup FWA compensation (keyed to letter)
19:04:11 METER | [a-z] to read and make FWA compensated reading from keyed reference
19:04:11 METER | 'r' to set reference, 's' to save spectrum,
19:04:11 METER | 'f' to report cal. refresh rate, 'F' to measure refresh rate
19:04:11 METER | 'h' to toggle high res., 'k' to do a calibration
19:04:11 METER | Hit ESC or Q to exit, any other key to take a reading:
19:04:11 POINT stage=detail_20_WB:GNR_trial level=20% Y=4.291106 xy=(0.30336,0.32138) noise_uv=0.000000 noise_Y=0.00%
19:04:11 TV > VWB:ISL020
19:04:11 TV < VWB:ISL
19:04:11 TV > VWB:SLG020
19:04:11 TV < VWB:SLG
19:04:11 TV > VWB:GNR000
19:04:11 TV < VWB:GNR
19:04:11 TV > QWB:GNR
19:04:11 TV < QWB:GNR000
19:04:11 PATCH  20% area=0.065 range=full \\.\DISPLAY2
19:04:13 MEASURE stage=detail_20_WB:GNR_restored level=20% read=1/1
19:04:18 METER | Result is XYZ: 4.046906 4.323169 5.089525, D50 Lab: 24.712279 -1.721921 -8.835639
19:04:18 METER | Place instrument on spot to be measured,
19:04:18 METER | and hit [A-Z] to read white and setup FWA compensation (keyed to letter)
19:04:18 METER | [a-z] to read and make FWA compensated reading from keyed reference
19:04:18 METER | 'r' to set reference, 's' to save spectrum,
19:04:18 METER | 'f' to report cal. refresh rate, 'F' to measure refresh rate
19:04:18 METER | 'h' to toggle high res., 'k' to do a calibration
19:04:18 METER | Hit ESC or Q to exit, any other key to take a reading:
19:04:18 POINT stage=detail_20_WB:GNR_restored level=20% Y=4.323169 xy=(0.30067,0.32120) noise_uv=0.000000 noise_Y=0.00%
19:04:18 TV > VWB:ISL020
19:04:18 TV < VWB:ISL
19:04:18 TV > VWB:SLG020
19:04:18 TV < VWB:SLG
19:04:18 TV > VWB:GNB006
19:04:18 TV < VWB:GNB
19:04:18 TV > QWB:GNB
19:04:18 TV < QWB:GNB+06
19:04:18 PATCH  20% area=0.065 range=full \\.\DISPLAY2
19:04:20 MEASURE stage=detail_20_WB:GNB_trial level=20% read=1/1
19:04:25 METER | Result is XYZ: 4.071928 4.309046 5.087467, D50 Lab: 24.667896 -1.173232 -8.901507
19:04:25 METER | Place instrument on spot to be measured,
19:04:25 METER | and hit [A-Z] to read white and setup FWA compensation (keyed to letter)
19:04:25 METER | [a-z] to read and make FWA compensated reading from keyed reference
19:04:25 METER | 'r' to set reference, 's' to save spectrum,
19:04:25 METER | 'f' to report cal. refresh rate, 'F' to measure refresh rate
19:04:25 METER | 'h' to toggle high res., 'k' to do a calibration
19:04:25 METER | Hit ESC or Q to exit, any other key to take a reading:
19:04:25 POINT stage=detail_20_WB:GNB_trial level=20% Y=4.309046 xy=(0.30233,0.31994) noise_uv=0.000000 noise_Y=0.00%
19:04:25 TV > VWB:ISL020
19:04:25 TV < VWB:ISL
19:04:25 TV > VWB:SLG020
19:04:25 TV < VWB:SLG
19:04:25 TV > VWB:GNB000
19:04:25 TV < VWB:GNB
19:04:25 TV > QWB:GNB
19:04:25 TV < QWB:GNB000
19:04:25 PATCH  20% area=0.065 range=full \\.\DISPLAY2
19:04:27 MEASURE stage=detail_20_WB:GNB_restored level=20% read=1/1
19:04:32 METER | Result is XYZ: 4.063540 4.307851 5.144642, D50 Lab: 24.664136 -1.276663 -9.202899
19:04:32 METER | Place instrument on spot to be measured,
19:04:32 METER | and hit [A-Z] to read white and setup FWA compensation (keyed to letter)
19:04:32 METER | [a-z] to read and make FWA compensated reading from keyed reference
19:04:32 METER | 'r' to set reference, 's' to save spectrum,
19:04:32 METER | 'f' to report cal. refresh rate, 'F' to measure refresh rate
19:04:32 METER | 'h' to toggle high res., 'k' to do a calibration
19:04:32 METER | Hit ESC or Q to exit, any other key to take a reading:
19:04:32 POINT stage=detail_20_WB:GNB_restored level=20% Y=4.307851 xy=(0.30065,0.31872) noise_uv=0.000000 noise_Y=0.00%
19:04:32 PATCH  15% area=0.065 range=full \\.\DISPLAY2
19:04:34 MEASURE stage=detail_20_reference_1 level=15% read=1/1
19:04:41 METER | Result is XYZ: 2.871702 3.020044 3.376358, D50 Lab: 20.123991 -0.720428 -6.642470
19:04:41 METER | Place instrument on spot to be measured,
19:04:41 METER | and hit [A-Z] to read white and setup FWA compensation (keyed to letter)
19:04:41 METER | [a-z] to read and make FWA compensated reading from keyed reference
19:04:41 METER | 'r' to set reference, 's' to save spectrum,
19:04:41 METER | 'f' to report cal. refresh rate, 'F' to measure refresh rate
19:04:41 METER | 'h' to toggle high res., 'k' to do a calibration
19:04:41 METER | Hit ESC or Q to exit, any other key to take a reading:
19:04:41 POINT stage=detail_20_reference_1 level=15% Y=3.020044 xy=(0.30985,0.32585) noise_uv=0.000000 noise_Y=0.00%
19:04:41 PATCH  20% area=0.065 range=full \\.\DISPLAY2
19:04:43 MEASURE stage=detail_20_reference_1 level=20% read=1/1
19:04:49 METER | Result is XYZ: 4.000600 4.261385 5.062064, D50 Lab: 24.517400 -1.547223 -9.029243
19:04:49 METER | Place instrument on spot to be measured,
19:04:49 METER | and hit [A-Z] to read white and setup FWA compensation (keyed to letter)
19:04:49 METER | [a-z] to read and make FWA compensated reading from keyed reference
19:04:49 METER | 'r' to set reference, 's' to save spectrum,
19:04:49 METER | 'f' to report cal. refresh rate, 'F' to measure refresh rate
19:04:49 METER | 'h' to toggle high res., 'k' to do a calibration
19:04:49 METER | Hit ESC or Q to exit, any other key to take a reading:
19:04:49 POINT stage=detail_20_reference_1 level=20% Y=4.261385 xy=(0.30025,0.31983) noise_uv=0.000000 noise_Y=0.00%
19:04:49 PATCH  25% area=0.065 range=full \\.\DISPLAY2
19:04:51 MEASURE stage=detail_20_reference_1 level=25% read=1/1
19:04:55 METER | Result is XYZ: 5.856014 6.081592 7.032641, D50 Lab: 29.617387 -0.088048 -9.373399
19:04:55 METER | Place instrument on spot to be measured,
19:04:55 METER | and hit [A-Z] to read white and setup FWA compensation (keyed to letter)
19:04:55 METER | [a-z] to read and make FWA compensated reading from keyed reference
19:04:55 METER | 'r' to set reference, 's' to save spectrum,
19:04:55 METER | 'f' to report cal. refresh rate, 'F' to measure refresh rate
19:04:55 METER | 'h' to toggle high res., 'k' to do a calibration
19:04:55 METER | Hit ESC or Q to exit, any other key to take a reading:
19:04:55 POINT stage=detail_20_reference_1 level=25% Y=6.081592 xy=(0.30869,0.32059) noise_uv=0.000000 noise_Y=0.00%
19:04:55 TV > VWB:ISL020
19:04:55 TV < VWB:ISL
19:04:55 TV > VWB:SLG020
19:04:55 TV < VWB:SLG
19:04:55 TV > VWB:GNR-04
19:04:55 TV < VWB:GNR
19:04:55 TV > QWB:GNR
19:04:55 TV < QWB:GNR-04
19:04:55 TV > VWB:GNB004
19:04:55 TV < VWB:GNB
19:04:55 TV > QWB:GNB
19:04:55 TV < QWB:GNB+04
19:04:55 PATCH  15% area=0.065 range=full \\.\DISPLAY2
19:04:57 MEASURE stage=detail_20_candidate_1 level=15% read=1/1
19:05:03 METER | Result is XYZ: 2.870243 3.012471 3.435722, D50 Lab: 20.093772 -0.616441 -7.096180
19:05:03 METER | Place instrument on spot to be measured,
19:05:03 METER | and hit [A-Z] to read white and setup FWA compensation (keyed to letter)
19:05:03 METER | [a-z] to read and make FWA compensated reading from keyed reference
19:05:03 METER | 'r' to set reference, 's' to save spectrum,
19:05:03 METER | 'f' to report cal. refresh rate, 'F' to measure refresh rate
19:05:03 METER | 'h' to toggle high res., 'k' to do a calibration
19:05:03 METER | Hit ESC or Q to exit, any other key to take a reading:
19:05:03 POINT stage=detail_20_candidate_1 level=15% Y=3.012471 xy=(0.30802,0.32328) noise_uv=0.000000 noise_Y=0.00%
19:05:03 PATCH  20% area=0.065 range=full \\.\DISPLAY2
19:05:05 MEASURE stage=detail_20_candidate_1 level=20% read=1/1
19:05:12 METER | Result is XYZ: 4.009621 4.262192 5.110233, D50 Lab: 24.519960 -1.428242 -9.274258
19:05:12 METER | Place instrument on spot to be measured,
19:05:12 METER | and hit [A-Z] to read white and setup FWA compensation (keyed to letter)
19:05:12 METER | [a-z] to read and make FWA compensated reading from keyed reference
19:05:12 METER | 'r' to set reference, 's' to save spectrum,
19:05:12 METER | 'f' to report cal. refresh rate, 'F' to measure refresh rate
19:05:12 METER | 'h' to toggle high res., 'k' to do a calibration
19:05:12 METER | Hit ESC or Q to exit, any other key to take a reading:
19:05:12 POINT stage=detail_20_candidate_1 level=20% Y=4.262192 xy=(0.29963,0.31850) noise_uv=0.000000 noise_Y=0.00%
19:05:12 PATCH  25% area=0.065 range=full \\.\DISPLAY2
19:05:14 MEASURE stage=detail_20_candidate_1 level=25% read=1/1
19:05:17 METER | Result is XYZ: 5.929836 6.067345 7.345082, D50 Lab: 29.581737 0.888037 -10.719578
19:05:17 METER | Place instrument on spot to be measured,
19:05:17 METER | and hit [A-Z] to read white and setup FWA compensation (keyed to letter)
19:05:17 METER | [a-z] to read and make FWA compensated reading from keyed reference
19:05:17 METER | 'r' to set reference, 's' to save spectrum,
19:05:17 METER | 'f' to report cal. refresh rate, 'F' to measure refresh rate
19:05:17 METER | 'h' to toggle high res., 'k' to do a calibration
19:05:17 METER | Hit ESC or Q to exit, any other key to take a reading:
19:05:17 POINT stage=detail_20_candidate_1 level=25% Y=6.067345 xy=(0.30657,0.31368) noise_uv=0.000000 noise_Y=0.00%
19:05:17 TV > VWB:ISL020
19:05:17 TV < VWB:ISL
19:05:17 TV > VWB:SLG020
19:05:17 TV < VWB:SLG
19:05:17 TV > VWB:GNR000
19:05:17 TV < VWB:GNR
19:05:17 TV > QWB:GNR
19:05:17 TV < QWB:GNR000
19:05:17 TV > VWB:GNB000
19:05:17 TV < VWB:GNB
19:05:17 TV > QWB:GNB
19:05:17 TV < QWB:GNB000
19:05:17 DECISION detail_20 iteration=1 RESTORE chroma=1.698->2.501 max=2.165->3.561
19:05:17 TV > VWB:ISL030
19:05:17 TV < VWB:ISL
19:05:17 TV > VWB:SLG030
19:05:17 TV < VWB:SLG
19:05:17 TV > QWB:GNR
19:05:17 TV < QWB:GNR000
19:05:17 TV > QWB:GNB
19:05:17 TV < QWB:GNB000
19:05:18 PATCH  25% area=0.065 range=full \\.\DISPLAY2
19:05:20 MEASURE stage=detail_30_before_1 level=25% read=1/1
19:05:23 METER | Result is XYZ: 5.955663 6.135830 7.332529, D50 Lab: 29.752599 0.437676 -10.374083
19:05:23 METER | Place instrument on spot to be measured,
19:05:23 METER | and hit [A-Z] to read white and setup FWA compensation (keyed to letter)
19:05:23 METER | [a-z] to read and make FWA compensated reading from keyed reference
19:05:23 METER | 'r' to set reference, 's' to save spectrum,
19:05:23 METER | 'f' to report cal. refresh rate, 'F' to measure refresh rate
19:05:23 METER | 'h' to toggle high res., 'k' to do a calibration
19:05:23 METER | Hit ESC or Q to exit, any other key to take a reading:
19:05:23 POINT stage=detail_30_before_1 level=25% Y=6.135830 xy=(0.30661,0.31589) noise_uv=0.000000 noise_Y=0.00%
19:05:23 PATCH  30% area=0.065 range=full \\.\DISPLAY2
19:05:25 MEASURE stage=detail_30_before_1 level=30% read=1/1
19:05:28 METER | Result is XYZ: 8.066483 8.381720 9.825924, D50 Lab: 34.765543 -0.137229 -10.878788
19:05:28 METER | Place instrument on spot to be measured,
19:05:28 METER | and hit [A-Z] to read white and setup FWA compensation (keyed to letter)
19:05:28 METER | [a-z] to read and make FWA compensated reading from keyed reference
19:05:28 METER | 'r' to set reference, 's' to save spectrum,
19:05:28 METER | 'f' to report cal. refresh rate, 'F' to measure refresh rate
19:05:28 METER | 'h' to toggle high res., 'k' to do a calibration
19:05:28 METER | Hit ESC or Q to exit, any other key to take a reading:
19:05:28 POINT stage=detail_30_before_1 level=30% Y=8.381720 xy=(0.30701,0.31901) noise_uv=0.000000 noise_Y=0.00%
19:05:28 PATCH  35% area=0.065 range=full \\.\DISPLAY2
19:05:30 MEASURE stage=detail_30_before_1 level=35% read=1/1
19:05:32 METER | Result is XYZ: 10.529748 10.871245 12.561869, D50 Lab: 39.362762 0.361144 -11.349121
19:05:32 METER | Place instrument on spot to be measured,
19:05:32 METER | and hit [A-Z] to read white and setup FWA compensation (keyed to letter)
19:05:32 METER | [a-z] to read and make FWA compensated reading from keyed reference
19:05:32 METER | 'r' to set reference, 's' to save spectrum,
19:05:32 METER | 'f' to report cal. refresh rate, 'F' to measure refresh rate
19:05:32 METER | 'h' to toggle high res., 'k' to do a calibration
19:05:32 METER | Hit ESC or Q to exit, any other key to take a reading:
19:05:32 POINT stage=detail_30_before_1 level=35% Y=10.871245 xy=(0.31004,0.32009) noise_uv=0.000000 noise_Y=0.00%
19:05:32 TV > VWB:ISL030
19:05:32 TV < VWB:ISL
19:05:32 TV > VWB:SLG030
19:05:32 TV < VWB:SLG
19:05:32 TV > VWB:GNR006
19:05:32 TV < VWB:GNR
19:05:32 TV > QWB:GNR
19:05:32 TV < QWB:GNR+06
19:05:32 PATCH  30% area=0.065 range=full \\.\DISPLAY2
19:05:34 MEASURE stage=detail_30_WB:GNR_trial level=30% read=1/1
19:05:37 METER | Result is XYZ: 8.059264 8.399767 9.736583, D50 Lab: 34.801952 -0.359412 -10.516859
19:05:37 METER | Place instrument on spot to be measured,
19:05:37 METER | and hit [A-Z] to read white and setup FWA compensation (keyed to letter)
19:05:37 METER | [a-z] to read and make FWA compensated reading from keyed reference
19:05:37 METER | 'r' to set reference, 's' to save spectrum,
19:05:37 METER | 'f' to report cal. refresh rate, 'F' to measure refresh rate
19:05:37 METER | 'h' to toggle high res., 'k' to do a calibration
19:05:37 METER | Hit ESC or Q to exit, any other key to take a reading:
19:05:37 POINT stage=detail_30_WB:GNR_trial level=30% Y=8.399767 xy=(0.30766,0.32066) noise_uv=0.000000 noise_Y=0.00%
19:05:37 TV > VWB:ISL030
19:05:37 TV < VWB:ISL
19:05:37 TV > VWB:SLG030
19:05:37 TV < VWB:SLG
19:05:37 TV > VWB:GNR000
19:05:37 TV < VWB:GNR
19:05:37 TV > QWB:GNR
19:05:37 TV < QWB:GNR000
19:05:37 PATCH  30% area=0.065 range=full \\.\DISPLAY2
19:05:39 MEASURE stage=detail_30_WB:GNR_restored level=30% read=1/1
19:05:42 METER | Result is XYZ: 7.992723 8.399485 9.531431, D50 Lab: 34.801383 -0.960294 -9.823900
19:05:42 METER | Place instrument on spot to be measured,
19:05:42 METER | and hit [A-Z] to read white and setup FWA compensation (keyed to letter)
19:05:42 METER | [a-z] to read and make FWA compensated reading from keyed reference
19:05:42 METER | 'r' to set reference, 's' to save spectrum,
19:05:42 METER | 'f' to report cal. refresh rate, 'F' to measure refresh rate
19:05:42 METER | 'h' to toggle high res., 'k' to do a calibration
19:05:42 METER | Hit ESC or Q to exit, any other key to take a reading:
19:05:42 POINT stage=detail_30_WB:GNR_restored level=30% Y=8.399485 xy=(0.30832,0.32401) noise_uv=0.000000 noise_Y=0.00%
19:05:42 TV > VWB:ISL030
19:05:42 TV < VWB:ISL
19:05:42 TV > VWB:SLG030
19:05:42 TV < VWB:SLG
19:05:42 TV > VWB:GNB006
19:05:42 TV < VWB:GNB
19:05:42 TV > QWB:GNB
19:05:42 TV < QWB:GNB+06
19:05:42 PATCH  30% area=0.065 range=full \\.\DISPLAY2
19:05:44 MEASURE stage=detail_30_WB:GNB_trial level=30% read=1/1
19:05:46 METER | Result is XYZ: 8.058059 8.395152 9.855967, D50 Lab: 34.792646 -0.330200 -10.932247
19:05:46 METER | Place instrument on spot to be measured,
19:05:46 METER | and hit [A-Z] to read white and setup FWA compensation (keyed to letter)
19:05:46 METER | [a-z] to read and make FWA compensated reading from keyed reference
19:05:46 METER | 'r' to set reference, 's' to save spectrum,
19:05:46 METER | 'f' to report cal. refresh rate, 'F' to measure refresh rate
19:05:46 METER | 'h' to toggle high res., 'k' to do a calibration
19:05:46 METER | Hit ESC or Q to exit, any other key to take a reading:
19:05:46 POINT stage=detail_30_WB:GNB_trial level=30% Y=8.395152 xy=(0.30628,0.31910) noise_uv=0.000000 noise_Y=0.00%
19:05:46 TV > VWB:ISL030
19:05:46 TV < VWB:ISL
19:05:46 TV > VWB:SLG030
19:05:46 TV < VWB:SLG
19:05:46 TV > VWB:GNB000
19:05:46 TV < VWB:GNB
19:05:46 TV > QWB:GNB
19:05:46 TV < QWB:GNB000
19:05:46 PATCH  30% area=0.065 range=full \\.\DISPLAY2
19:05:48 MEASURE stage=detail_30_WB:GNB_restored level=30% read=1/1
19:05:51 METER | Result is XYZ: 8.034494 8.355114 9.693079, D50 Lab: 34.711771 -0.194904 -10.526007
19:05:51 METER | Place instrument on spot to be measured,
19:05:51 METER | and hit [A-Z] to read white and setup FWA compensation (keyed to letter)
19:05:51 METER | [a-z] to read and make FWA compensated reading from keyed reference
19:05:51 METER | 'r' to set reference, 's' to save spectrum,
19:05:51 METER | 'f' to report cal. refresh rate, 'F' to measure refresh rate
19:05:51 METER | 'h' to toggle high res., 'k' to do a calibration
19:05:51 METER | Hit ESC or Q to exit, any other key to take a reading:
19:05:51 POINT stage=detail_30_WB:GNB_restored level=30% Y=8.355114 xy=(0.30804,0.32033) noise_uv=0.000000 noise_Y=0.00%
19:05:51 PATCH  25% area=0.065 range=full \\.\DISPLAY2
19:05:53 MEASURE stage=detail_30_reference_1 level=25% read=1/1
19:05:57 METER | Result is XYZ: 5.876795 6.083415 7.239525, D50 Lab: 29.621946 0.124502 -10.220364
19:05:57 METER | Place instrument on spot to be measured,
19:05:57 METER | and hit [A-Z] to read white and setup FWA compensation (keyed to letter)
19:05:57 METER | [a-z] to read and make FWA compensated reading from keyed reference
19:05:57 METER | 'r' to set reference, 's' to save spectrum,
19:05:57 METER | 'f' to report cal. refresh rate, 'F' to measure refresh rate
19:05:57 METER | 'h' to toggle high res., 'k' to do a calibration
19:05:57 METER | Hit ESC or Q to exit, any other key to take a reading:
19:05:57 POINT stage=detail_30_reference_1 level=25% Y=6.083415 xy=(0.30609,0.31685) noise_uv=0.000000 noise_Y=0.00%
19:05:57 PATCH  30% area=0.065 range=full \\.\DISPLAY2
19:05:59 MEASURE stage=detail_30_reference_1 level=30% read=1/1
19:06:01 METER | Result is XYZ: 7.954836 8.330055 9.499648, D50 Lab: 34.661022 -0.700305 -9.957504
19:06:01 METER | Place instrument on spot to be measured,
19:06:01 METER | and hit [A-Z] to read white and setup FWA compensation (keyed to letter)
19:06:01 METER | [a-z] to read and make FWA compensated reading from keyed reference
19:06:01 METER | 'r' to set reference, 's' to save spectrum,
19:06:01 METER | 'f' to report cal. refresh rate, 'F' to measure refresh rate
19:06:01 METER | 'h' to toggle high res., 'k' to do a calibration
19:06:01 METER | Hit ESC or Q to exit, any other key to take a reading:
19:06:01 POINT stage=detail_30_reference_1 level=30% Y=8.330055 xy=(0.30851,0.32306) noise_uv=0.000000 noise_Y=0.00%
19:06:01 PATCH  35% area=0.065 range=full \\.\DISPLAY2
19:06:03 MEASURE stage=detail_30_reference_1 level=35% read=1/1
19:06:06 METER | Result is XYZ: 10.480566 10.893316 12.374498, D50 Lab: 39.400203 -0.172918 -10.750890
19:06:06 METER | Place instrument on spot to be measured,
19:06:06 METER | and hit [A-Z] to read white and setup FWA compensation (keyed to letter)
19:06:06 METER | [a-z] to read and make FWA compensated reading from keyed reference
19:06:06 METER | 'r' to set reference, 's' to save spectrum,
19:06:06 METER | 'f' to report cal. refresh rate, 'F' to measure refresh rate
19:06:06 METER | 'h' to toggle high res., 'k' to do a calibration
19:06:06 METER | Hit ESC or Q to exit, any other key to take a reading:
19:06:06 POINT stage=detail_30_reference_1 level=35% Y=10.893316 xy=(0.31055,0.32278) noise_uv=0.000000 noise_Y=0.00%
19:06:06 TV > VWB:ISL030
19:06:06 TV < VWB:ISL
19:06:06 TV > VWB:SLG030
19:06:06 TV < VWB:SLG
19:06:06 TV > VWB:GNR004
19:06:06 TV < VWB:GNR
19:06:06 TV > QWB:GNR
19:06:06 TV < QWB:GNR+04
19:06:06 TV > VWB:GNB-04
19:06:06 TV < VWB:GNB
19:06:06 TV > QWB:GNB
19:06:06 TV < QWB:GNB-04
19:06:06 PATCH  25% area=0.065 range=full \\.\DISPLAY2
19:06:08 MEASURE stage=detail_30_candidate_1 level=25% read=1/1
19:06:11 METER | Result is XYZ: 5.953831 6.096821 7.080455, D50 Lab: 29.655432 0.836233 -9.506844
19:06:11 METER | Place instrument on spot to be measured,
19:06:11 METER | and hit [A-Z] to read white and setup FWA compensation (keyed to letter)
19:06:11 METER | [a-z] to read and make FWA compensated reading from keyed reference
19:06:11 METER | 'r' to set reference, 's' to save spectrum,
19:06:11 METER | 'f' to report cal. refresh rate, 'F' to measure refresh rate
19:06:11 METER | 'h' to toggle high res., 'k' to do a calibration
19:06:11 METER | Hit ESC or Q to exit, any other key to take a reading:
19:06:11 POINT stage=detail_30_candidate_1 level=25% Y=6.096821 xy=(0.31121,0.31869) noise_uv=0.000000 noise_Y=0.00%
19:06:12 PATCH  30% area=0.065 range=full \\.\DISPLAY2
19:06:14 MEASURE stage=detail_30_candidate_1 level=30% read=1/1
19:06:16 METER | Result is XYZ: 7.977743 8.338386 9.512443, D50 Lab: 34.677906 -0.564346 -9.972062
19:06:16 METER | Place instrument on spot to be measured,
19:06:16 METER | and hit [A-Z] to read white and setup FWA compensation (keyed to letter)
19:06:16 METER | [a-z] to read and make FWA compensated reading from keyed reference
19:06:16 METER | 'r' to set reference, 's' to save spectrum,
19:06:16 METER | 'f' to report cal. refresh rate, 'F' to measure refresh rate
19:06:16 METER | 'h' to toggle high res., 'k' to do a calibration
19:06:16 METER | Hit ESC or Q to exit, any other key to take a reading:
19:06:16 POINT stage=detail_30_candidate_1 level=30% Y=8.338386 xy=(0.30887,0.32284) noise_uv=0.000000 noise_Y=0.00%
19:06:16 PATCH  35% area=0.065 range=full \\.\DISPLAY2
19:06:18 MEASURE stage=detail_30_candidate_1 level=35% read=1/1
19:06:21 METER | Result is XYZ: 10.500168 10.857254 12.543617, D50 Lab: 39.339002 0.239552 -11.338334
19:06:21 METER | Place instrument on spot to be measured,
19:06:21 METER | and hit [A-Z] to read white and setup FWA compensation (keyed to letter)
19:06:21 METER | [a-z] to read and make FWA compensated reading from keyed reference
19:06:21 METER | 'r' to set reference, 's' to save spectrum,
19:06:21 METER | 'f' to report cal. refresh rate, 'F' to measure refresh rate
19:06:21 METER | 'h' to toggle high res., 'k' to do a calibration
19:06:21 METER | Hit ESC or Q to exit, any other key to take a reading:
19:06:21 POINT stage=detail_30_candidate_1 level=35% Y=10.857254 xy=(0.30973,0.32026) noise_uv=0.000000 noise_Y=0.00%
19:06:21 TV > VWB:ISL030
19:06:21 TV < VWB:ISL
19:06:21 TV > VWB:SLG030
19:06:21 TV < VWB:SLG
19:06:21 TV > VWB:GNR000
19:06:21 TV < VWB:GNR
19:06:21 TV > QWB:GNR
19:06:21 TV < QWB:GNR000
19:06:21 TV > VWB:GNB000
19:06:21 TV < VWB:GNB
19:06:21 TV > QWB:GNB
19:06:21 TV < QWB:GNB000
19:06:21 DECISION detail_30 iteration=1 RESTORE chroma=2.029->2.408 max=2.636->2.913
19:06:21 TV > VWB:ISL040
19:06:21 TV < VWB:ISL
19:06:21 TV > VWB:SLG040
19:06:21 TV < VWB:SLG
19:06:21 TV > QWB:GNR
19:06:21 TV < QWB:GNR000
19:06:21 TV > QWB:GNB
19:06:21 TV < QWB:GNB000
19:06:21 PATCH  35% area=0.065 range=full \\.\DISPLAY2
19:06:23 MEASURE stage=detail_40_before_1 level=35% read=1/1
19:06:25 METER | Result is XYZ: 10.447151 10.884121 12.525341, D50 Lab: 39.384611 -0.359578 -11.207827
19:06:25 METER | Place instrument on spot to be measured,
19:06:25 METER | and hit [A-Z] to read white and setup FWA compensation (keyed to letter)
19:06:25 METER | [a-z] to read and make FWA compensated reading from keyed reference
19:06:25 METER | 'r' to set reference, 's' to save spectrum,
19:06:25 METER | 'f' to report cal. refresh rate, 'F' to measure refresh rate
19:06:25 METER | 'h' to toggle high res., 'k' to do a calibration
19:06:25 METER | Hit ESC or Q to exit, any other key to take a reading:
19:06:25 POINT stage=detail_40_before_1 level=35% Y=10.884121 xy=(0.30857,0.32148) noise_uv=0.000000 noise_Y=0.00%
19:06:25 PATCH  40% area=0.065 range=full \\.\DISPLAY2
19:06:27 MEASURE stage=detail_40_before_1 level=40% read=1/1
19:06:30 METER | Result is XYZ: 14.362770 14.953627 16.948688, D50 Lab: 45.570616 -0.341326 -11.859697
19:06:30 METER | Place instrument on spot to be measured,
19:06:30 METER | and hit [A-Z] to read white and setup FWA compensation (keyed to letter)
19:06:30 METER | [a-z] to read and make FWA compensated reading from keyed reference
19:06:30 METER | 'r' to set reference, 's' to save spectrum,
19:06:30 METER | 'f' to report cal. refresh rate, 'F' to measure refresh rate
19:06:30 METER | 'h' to toggle high res., 'k' to do a calibration
19:06:30 METER | Hit ESC or Q to exit, any other key to take a reading:
19:06:30 POINT stage=detail_40_before_1 level=40% Y=14.953627 xy=(0.31045,0.32322) noise_uv=0.000000 noise_Y=0.00%
19:06:30 PATCH  45% area=0.065 range=full \\.\DISPLAY2
19:06:32 MEASURE stage=detail_40_before_1 level=45% read=1/1
19:06:34 METER | Result is XYZ: 18.792349 19.458770 21.853610, D50 Lab: 51.219681 0.155102 -12.554659
19:06:34 METER | Place instrument on spot to be measured,
19:06:34 METER | and hit [A-Z] to read white and setup FWA compensation (keyed to letter)
19:06:34 METER | [a-z] to read and make FWA compensated reading from keyed reference
19:06:34 METER | 'r' to set reference, 's' to save spectrum,
19:06:34 METER | 'f' to report cal. refresh rate, 'F' to measure refresh rate
19:06:34 METER | 'h' to toggle high res., 'k' to do a calibration
19:06:34 METER | Hit ESC or Q to exit, any other key to take a reading:
19:06:34 POINT stage=detail_40_before_1 level=45% Y=19.458770 xy=(0.31266,0.32375) noise_uv=0.000000 noise_Y=0.00%
19:06:34 TV > VWB:ISL040
19:06:34 TV < VWB:ISL
19:06:34 TV > VWB:SLG040
19:06:34 TV < VWB:SLG
19:06:34 TV > VWB:GNR006
19:06:34 TV < VWB:GNR
19:06:34 TV > QWB:GNR
19:06:34 TV < QWB:GNR+06
19:06:35 PATCH  40% area=0.065 range=full \\.\DISPLAY2
19:06:37 MEASURE stage=detail_40_WB:GNR_trial level=40% read=1/1
19:06:39 METER | Result is XYZ: 14.470740 14.915902 17.085038, D50 Lab: 45.518796 0.544535 -12.264672
19:06:39 METER | Place instrument on spot to be measured,
19:06:39 METER | and hit [A-Z] to read white and setup FWA compensation (keyed to letter)
19:06:39 METER | [a-z] to read and make FWA compensated reading from keyed reference
19:06:39 METER | 'r' to set reference, 's' to save spectrum,
19:06:39 METER | 'f' to report cal. refresh rate, 'F' to measure refresh rate
19:06:39 METER | 'h' to toggle high res., 'k' to do a calibration
19:06:39 METER | Hit ESC or Q to exit, any other key to take a reading:
19:06:39 POINT stage=detail_40_WB:GNR_trial level=40% Y=14.915902 xy=(0.31139,0.32097) noise_uv=0.000000 noise_Y=0.00%
19:06:39 TV > VWB:ISL040
19:06:39 TV < VWB:ISL
19:06:39 TV > VWB:SLG040
19:06:39 TV < VWB:SLG
19:06:39 TV > VWB:GNR000
19:06:39 TV < VWB:GNR
19:06:39 TV > QWB:GNR
19:06:39 TV < QWB:GNR000
19:06:39 PATCH  40% area=0.065 range=full \\.\DISPLAY2
19:06:41 MEASURE stage=detail_40_WB:GNR_restored level=40% read=1/1
19:06:44 METER | Result is XYZ: 14.359589 14.951848 16.972054, D50 Lab: 45.568175 -0.350372 -11.918115
19:06:44 METER | Place instrument on spot to be measured,
19:06:44 METER | and hit [A-Z] to read white and setup FWA compensation (keyed to letter)
19:06:44 METER | [a-z] to read and make FWA compensated reading from keyed reference
19:06:44 METER | 'r' to set reference, 's' to save spectrum,
19:06:44 METER | 'f' to report cal. refresh rate, 'F' to measure refresh rate
19:06:44 METER | 'h' to toggle high res., 'k' to do a calibration
19:06:44 METER | Hit ESC or Q to exit, any other key to take a reading:
19:06:44 POINT stage=detail_40_WB:GNR_restored level=40% Y=14.951848 xy=(0.31025,0.32305) noise_uv=0.000000 noise_Y=0.00%
19:06:44 TV > VWB:ISL040
19:06:44 TV < VWB:ISL
19:06:44 TV > VWB:SLG040
19:06:44 TV < VWB:SLG
19:06:44 TV > VWB:GNB006
19:06:44 TV < VWB:GNB
19:06:44 TV > QWB:GNB
19:06:44 TV < QWB:GNB+06
19:06:44 PATCH  40% area=0.065 range=full \\.\DISPLAY2
19:06:46 MEASURE stage=detail_40_WB:GNB_trial level=40% read=1/1
19:06:48 METER | Result is XYZ: 14.401882 14.920929 16.922368, D50 Lab: 45.525707 0.092620 -11.876005
19:06:48 METER | Place instrument on spot to be measured,
19:06:48 METER | and hit [A-Z] to read white and setup FWA compensation (keyed to letter)
19:06:48 METER | [a-z] to read and make FWA compensated reading from keyed reference
19:06:48 METER | 'r' to set reference, 's' to save spectrum,
19:06:48 METER | 'f' to report cal. refresh rate, 'F' to measure refresh rate
19:06:48 METER | 'h' to toggle high res., 'k' to do a calibration
19:06:48 METER | Hit ESC or Q to exit, any other key to take a reading:
19:06:48 POINT stage=detail_40_WB:GNB_trial level=40% Y=14.920929 xy=(0.31142,0.32265) noise_uv=0.000000 noise_Y=0.00%
19:06:48 TV > VWB:ISL040
19:06:48 TV < VWB:ISL
19:06:48 TV > VWB:SLG040
19:06:48 TV < VWB:SLG
19:06:48 TV > VWB:GNB000
19:06:48 TV < VWB:GNB
19:06:48 TV > QWB:GNB
19:06:48 TV < QWB:GNB000
19:06:48 PATCH  40% area=0.065 range=full \\.\DISPLAY2
19:06:50 MEASURE stage=detail_40_WB:GNB_restored level=40% read=1/1
19:06:53 METER | Result is XYZ: 14.336348 14.923343 16.635968, D50 Lab: 45.529024 -0.324677 -11.201060
19:06:53 METER | Place instrument on spot to be measured,
19:06:53 METER | and hit [A-Z] to read white and setup FWA compensation (keyed to letter)
19:06:53 METER | [a-z] to read and make FWA compensated reading from keyed reference
19:06:53 METER | 'r' to set reference, 's' to save spectrum,
19:06:53 METER | 'f' to report cal. refresh rate, 'F' to measure refresh rate
19:06:53 METER | 'h' to toggle high res., 'k' to do a calibration
19:06:53 METER | Hit ESC or Q to exit, any other key to take a reading:
19:06:53 POINT stage=detail_40_WB:GNB_restored level=40% Y=14.923343 xy=(0.31237,0.32516) noise_uv=0.000000 noise_Y=0.00%
19:06:53 PATCH  35% area=0.065 range=full \\.\DISPLAY2
19:06:55 MEASURE stage=detail_40_reference_1 level=35% read=1/1
19:06:57 METER | Result is XYZ: 10.464647 10.839482 12.577984, D50 Lab: 39.308790 0.100229 -11.487826
19:06:57 METER | Place instrument on spot to be measured,
19:06:57 METER | and hit [A-Z] to read white and setup FWA compensation (keyed to letter)
19:06:57 METER | [a-z] to read and make FWA compensated reading from keyed reference
19:06:57 METER | 'r' to set reference, 's' to save spectrum,
19:06:57 METER | 'f' to report cal. refresh rate, 'F' to measure refresh rate
19:06:57 METER | 'h' to toggle high res., 'k' to do a calibration
19:06:57 METER | Hit ESC or Q to exit, any other key to take a reading:
19:06:57 POINT stage=detail_40_reference_1 level=35% Y=10.839482 xy=(0.30885,0.31992) noise_uv=0.000000 noise_Y=0.00%
19:06:57 PATCH  40% area=0.065 range=full \\.\DISPLAY2
19:06:59 MEASURE stage=detail_40_reference_1 level=40% read=1/1
19:07:02 METER | Result is XYZ: 14.292423 14.907517 16.654637, D50 Lab: 45.507266 -0.501699 -11.282432
19:07:02 METER | Place instrument on spot to be measured,
19:07:02 METER | and hit [A-Z] to read white and setup FWA compensation (keyed to letter)
19:07:02 METER | [a-z] to read and make FWA compensated reading from keyed reference
19:07:02 METER | 'r' to set reference, 's' to save spectrum,
19:07:02 METER | 'f' to report cal. refresh rate, 'F' to measure refresh rate
19:07:02 METER | 'h' to toggle high res., 'k' to do a calibration
19:07:02 METER | Hit ESC or Q to exit, any other key to take a reading:
19:07:02 POINT stage=detail_40_reference_1 level=40% Y=14.907517 xy=(0.31169,0.32510) noise_uv=0.000000 noise_Y=0.00%
19:07:02 PATCH  45% area=0.065 range=full \\.\DISPLAY2
19:07:04 MEASURE stage=detail_40_reference_1 level=45% read=1/1
19:07:06 METER | Result is XYZ: 18.878957 19.496157 21.953245, D50 Lab: 51.262704 0.414321 -12.675396
19:07:06 METER | Place instrument on spot to be measured,
19:07:06 METER | and hit [A-Z] to read white and setup FWA compensation (keyed to letter)
19:07:06 METER | [a-z] to read and make FWA compensated reading from keyed reference
19:07:06 METER | 'r' to set reference, 's' to save spectrum,
19:07:06 METER | 'f' to report cal. refresh rate, 'F' to measure refresh rate
19:07:06 METER | 'h' to toggle high res., 'k' to do a calibration
19:07:06 METER | Hit ESC or Q to exit, any other key to take a reading:
19:07:06 POINT stage=detail_40_reference_1 level=45% Y=19.496157 xy=(0.31294,0.32317) noise_uv=0.000000 noise_Y=0.00%
19:07:06 TV > VWB:ISL040
19:07:06 TV < VWB:ISL
19:07:06 TV > VWB:SLG040
19:07:07 TV < VWB:SLG
19:07:07 TV > VWB:GNR004
19:07:07 TV < VWB:GNR
19:07:07 TV > QWB:GNR
19:07:07 TV < QWB:GNR+04
19:07:07 TV > VWB:GNB-04
19:07:07 TV < VWB:GNB
19:07:07 TV > QWB:GNB
19:07:07 TV < QWB:GNB-04
19:07:07 PATCH  35% area=0.065 range=full \\.\DISPLAY2
19:07:09 MEASURE stage=detail_40_candidate_1 level=35% read=1/1
19:07:11 METER | Result is XYZ: 10.531022 10.836177 12.323681, D50 Lab: 39.303170 0.627647 -10.772523
19:07:11 METER | Place instrument on spot to be measured,
19:07:11 METER | and hit [A-Z] to read white and setup FWA compensation (keyed to letter)
19:07:11 METER | [a-z] to read and make FWA compensated reading from keyed reference
19:07:11 METER | 'r' to set reference, 's' to save spectrum,
19:07:11 METER | 'f' to report cal. refresh rate, 'F' to measure refresh rate
19:07:11 METER | 'h' to toggle high res., 'k' to do a calibration
19:07:11 METER | Hit ESC or Q to exit, any other key to take a reading:
19:07:11 POINT stage=detail_40_candidate_1 level=35% Y=10.836177 xy=(0.31258,0.32164) noise_uv=0.000000 noise_Y=0.00%
19:07:11 PATCH  40% area=0.065 range=full \\.\DISPLAY2
19:07:13 MEASURE stage=detail_40_candidate_1 level=40% read=1/1
19:07:16 METER | Result is XYZ: 14.393211 14.963941 16.849716, D50 Lab: 45.584769 -0.215210 -11.605128
19:07:16 METER | Place instrument on spot to be measured,
19:07:16 METER | and hit [A-Z] to read white and setup FWA compensation (keyed to letter)
19:07:16 METER | [a-z] to read and make FWA compensated reading from keyed reference
19:07:16 METER | 'r' to set reference, 's' to save spectrum,
19:07:16 METER | 'f' to report cal. refresh rate, 'F' to measure refresh rate
19:07:16 METER | 'h' to toggle high res., 'k' to do a calibration
19:07:16 METER | Hit ESC or Q to exit, any other key to take a reading:
19:07:16 POINT stage=detail_40_candidate_1 level=40% Y=14.963941 xy=(0.31150,0.32385) noise_uv=0.000000 noise_Y=0.00%
19:07:16 PATCH  45% area=0.065 range=full \\.\DISPLAY2
19:07:18 MEASURE stage=detail_40_candidate_1 level=45% read=1/1
19:07:20 METER | Result is XYZ: 18.837057 19.482445 22.157000, D50 Lab: 51.246932 0.267349 -13.099364
19:07:20 METER | Place instrument on spot to be measured,
19:07:20 METER | and hit [A-Z] to read white and setup FWA compensation (keyed to letter)
19:07:20 METER | [a-z] to read and make FWA compensated reading from keyed reference
19:07:20 METER | 'r' to set reference, 's' to save spectrum,
19:07:20 METER | 'f' to report cal. refresh rate, 'F' to measure refresh rate
19:07:20 METER | 'h' to toggle high res., 'k' to do a calibration
19:07:20 METER | Hit ESC or Q to exit, any other key to take a reading:
19:07:20 POINT stage=detail_40_candidate_1 level=45% Y=19.482445 xy=(0.31148,0.32215) noise_uv=0.000000 noise_Y=0.00%
19:07:20 TV > VWB:ISL040
19:07:20 TV < VWB:ISL
19:07:20 TV > VWB:SLG040
19:07:20 TV < VWB:SLG
19:07:20 TV > VWB:GNR000
19:07:20 TV < VWB:GNR
19:07:20 TV > QWB:GNR
19:07:20 TV < QWB:GNR000
19:07:20 TV > VWB:GNB000
19:07:20 TV < VWB:GNB
19:07:20 TV > QWB:GNB
19:07:20 TV < QWB:GNB000
19:07:20 DECISION detail_40 iteration=1 RESTORE chroma=2.321->2.503 max=2.769->2.770
19:07:20 TV > VWB:ISL050
19:07:20 TV < VWB:ISL
19:07:20 TV > VWB:SLG050
19:07:20 TV < VWB:SLG
19:07:20 TV > QWB:GNR
19:07:20 TV < QWB:GNR000
19:07:20 TV > QWB:GNB
19:07:20 TV < QWB:GNB000
19:07:20 PATCH  45% area=0.065 range=full \\.\DISPLAY2
19:07:22 MEASURE stage=detail_50_before_1 level=45% read=1/1
19:07:25 METER | Result is XYZ: 18.853837 19.471770 21.988414, D50 Lab: 51.234647 0.406426 -12.792431
19:07:25 METER | Place instrument on spot to be measured,
19:07:25 METER | and hit [A-Z] to read white and setup FWA compensation (keyed to letter)
19:07:25 METER | [a-z] to read and make FWA compensated reading from keyed reference
19:07:25 METER | 'r' to set reference, 's' to save spectrum,
19:07:25 METER | 'f' to report cal. refresh rate, 'F' to measure refresh rate
19:07:25 METER | 'h' to toggle high res., 'k' to do a calibration
19:07:25 METER | Hit ESC or Q to exit, any other key to take a reading:
19:07:25 POINT stage=detail_50_before_1 level=45% Y=19.471770 xy=(0.31259,0.32284) noise_uv=0.000000 noise_Y=0.00%
19:07:25 PATCH  50% area=0.065 range=full \\.\DISPLAY2
19:07:27 MEASURE stage=detail_50_before_1 level=50% read=1/1
19:07:29 METER | Result is XYZ: 22.038177 23.084000 25.332734, D50 Lab: 55.158756 -1.011515 -12.246876
19:07:29 METER | Place instrument on spot to be measured,
19:07:29 METER | and hit [A-Z] to read white and setup FWA compensation (keyed to letter)
19:07:29 METER | [a-z] to read and make FWA compensated reading from keyed reference
19:07:29 METER | 'r' to set reference, 's' to save spectrum,
19:07:29 METER | 'f' to report cal. refresh rate, 'F' to measure refresh rate
19:07:29 METER | 'h' to toggle high res., 'k' to do a calibration
19:07:29 METER | Hit ESC or Q to exit, any other key to take a reading:
19:07:29 POINT stage=detail_50_before_1 level=50% Y=23.084000 xy=(0.31280,0.32764) noise_uv=0.000000 noise_Y=0.00%
19:07:29 PATCH  55% area=0.065 range=full \\.\DISPLAY2
19:07:31 MEASURE stage=detail_50_before_1 level=55% read=1/1
19:07:34 METER | Result is XYZ: 27.765745 29.252387 31.832491, D50 Lab: 61.003729 -1.732973 -12.843034
19:07:34 METER | Place instrument on spot to be measured,
19:07:34 METER | and hit [A-Z] to read white and setup FWA compensation (keyed to letter)
19:07:34 METER | [a-z] to read and make FWA compensated reading from keyed reference
19:07:34 METER | 'r' to set reference, 's' to save spectrum,
19:07:34 METER | 'f' to report cal. refresh rate, 'F' to measure refresh rate
19:07:34 METER | 'h' to toggle high res., 'k' to do a calibration
19:07:34 METER | Hit ESC or Q to exit, any other key to take a reading:
19:07:34 POINT stage=detail_50_before_1 level=55% Y=29.252387 xy=(0.31250,0.32923) noise_uv=0.000000 noise_Y=0.00%
19:07:34 TV > VWB:ISL050
19:07:34 TV < VWB:ISL
19:07:34 TV > VWB:SLG050
19:07:34 TV < VWB:SLG
19:07:34 TV > VWB:GNR006
19:07:34 TV < VWB:GNR
19:07:34 TV > QWB:GNR
19:07:34 TV < QWB:GNR+06
19:07:34 PATCH  50% area=0.065 range=full \\.\DISPLAY2
19:07:36 MEASURE stage=detail_50_WB:GNR_trial level=50% read=1/1
19:07:39 METER | Result is XYZ: 22.070068 23.064214 25.155751, D50 Lab: 55.138419 -0.776469 -11.966972
19:07:39 METER | Place instrument on spot to be measured,
19:07:39 METER | and hit [A-Z] to read white and setup FWA compensation (keyed to letter)
19:07:39 METER | [a-z] to read and make FWA compensated reading from keyed reference
19:07:39 METER | 'r' to set reference, 's' to save spectrum,
19:07:39 METER | 'f' to report cal. refresh rate, 'F' to measure refresh rate
19:07:39 METER | 'h' to toggle high res., 'k' to do a calibration
19:07:39 METER | Hit ESC or Q to exit, any other key to take a reading:
19:07:39 POINT stage=detail_50_WB:GNR_trial level=50% Y=23.064214 xy=(0.31399,0.32813) noise_uv=0.000000 noise_Y=0.00%
19:07:39 TV > VWB:ISL050
19:07:39 TV < VWB:ISL
19:07:39 TV > VWB:SLG050
19:07:39 TV < VWB:SLG
19:07:39 TV > VWB:GNR000
19:07:39 TV < VWB:GNR
19:07:39 TV > QWB:GNR
19:07:39 TV < QWB:GNR000
19:07:39 PATCH  50% area=0.065 range=full \\.\DISPLAY2
19:07:41 MEASURE stage=detail_50_WB:GNR_restored level=50% read=1/1
19:07:43 METER | Result is XYZ: 22.058526 23.044398 25.447665, D50 Lab: 55.118040 -0.741952 -12.520827
19:07:43 METER | Place instrument on spot to be measured,
19:07:43 METER | and hit [A-Z] to read white and setup FWA compensation (keyed to letter)
19:07:43 METER | [a-z] to read and make FWA compensated reading from keyed reference
19:07:43 METER | 'r' to set reference, 's' to save spectrum,
19:07:43 METER | 'f' to report cal. refresh rate, 'F' to measure refresh rate
19:07:43 METER | 'h' to toggle high res., 'k' to do a calibration
19:07:43 METER | Hit ESC or Q to exit, any other key to take a reading:
19:07:43 POINT stage=detail_50_WB:GNR_restored level=50% Y=23.044398 xy=(0.31266,0.32664) noise_uv=0.000000 noise_Y=0.00%
19:07:43 TV > VWB:ISL050
19:07:43 TV < VWB:ISL
19:07:43 TV > VWB:SLG050
19:07:43 TV < VWB:SLG
19:07:43 TV > VWB:GNB006
19:07:43 TV < VWB:GNB
19:07:43 TV > QWB:GNB
19:07:43 TV < QWB:GNB+06
19:07:43 PATCH  50% area=0.065 range=full \\.\DISPLAY2
19:07:45 MEASURE stage=detail_50_WB:GNB_trial level=50% read=1/1
19:07:48 METER | Result is XYZ: 21.934570 23.069171 25.148278, D50 Lab: 55.143515 -1.425644 -11.944855
19:07:48 METER | Place instrument on spot to be measured,
19:07:48 METER | and hit [A-Z] to read white and setup FWA compensation (keyed to letter)
19:07:48 METER | [a-z] to read and make FWA compensated reading from keyed reference
19:07:48 METER | 'r' to set reference, 's' to save spectrum,
19:07:48 METER | 'f' to report cal. refresh rate, 'F' to measure refresh rate
19:07:48 METER | 'h' to toggle high res., 'k' to do a calibration
19:07:48 METER | Hit ESC or Q to exit, any other key to take a reading:
19:07:48 POINT stage=detail_50_WB:GNB_trial level=50% Y=23.069171 xy=(0.31267,0.32885) noise_uv=0.000000 noise_Y=0.00%
19:07:48 TV > VWB:ISL050
19:07:48 TV < VWB:ISL
19:07:48 TV > VWB:SLG050
19:07:48 TV < VWB:SLG
19:07:48 TV > VWB:GNB000
19:07:48 TV < VWB:GNB
19:07:48 TV > QWB:GNB
19:07:48 TV < QWB:GNB000
19:07:48 PATCH  50% area=0.065 range=full \\.\DISPLAY2
19:07:50 MEASURE stage=detail_50_WB:GNB_restored level=50% read=1/1
19:07:52 METER | Result is XYZ: 21.837412 23.060270 24.890819, D50 Lab: 55.134364 -1.837528 -11.499705
19:07:52 METER | Place instrument on spot to be measured,
19:07:52 METER | and hit [A-Z] to read white and setup FWA compensation (keyed to letter)
19:07:52 METER | [a-z] to read and make FWA compensated reading from keyed reference
19:07:52 METER | 'r' to set reference, 's' to save spectrum,
19:07:52 METER | 'f' to report cal. refresh rate, 'F' to measure refresh rate
19:07:52 METER | 'h' to toggle high res., 'k' to do a calibration
19:07:52 METER | Hit ESC or Q to exit, any other key to take a reading:
19:07:52 POINT stage=detail_50_WB:GNB_restored level=50% Y=23.060270 xy=(0.31291,0.33043) noise_uv=0.000000 noise_Y=0.00%
19:07:52 PATCH  45% area=0.065 range=full \\.\DISPLAY2
19:07:54 MEASURE stage=detail_50_reference_1 level=45% read=1/1
19:07:57 METER | Result is XYZ: 18.631146 19.467492 21.630465, D50 Lab: 51.229724 -0.719483 -12.098648
19:07:57 METER | Place instrument on spot to be measured,
19:07:57 METER | and hit [A-Z] to read white and setup FWA compensation (keyed to letter)
19:07:57 METER | [a-z] to read and make FWA compensated reading from keyed reference
19:07:57 METER | 'r' to set reference, 's' to save spectrum,
19:07:57 METER | 'f' to report cal. refresh rate, 'F' to measure refresh rate
19:07:57 METER | 'h' to toggle high res., 'k' to do a calibration
19:07:57 METER | Hit ESC or Q to exit, any other key to take a reading:
19:07:57 POINT stage=detail_50_reference_1 level=45% Y=19.467492 xy=(0.31193,0.32593) noise_uv=0.000000 noise_Y=0.00%
19:07:57 PATCH  50% area=0.065 range=full \\.\DISPLAY2
19:07:59 MEASURE stage=detail_50_reference_1 level=50% read=1/1
19:08:01 METER | Result is XYZ: 21.950112 23.050989 25.121734, D50 Lab: 55.124820 -1.272989 -11.929711
19:08:01 METER | Place instrument on spot to be measured,
19:08:01 METER | and hit [A-Z] to read white and setup FWA compensation (keyed to letter)
19:08:01 METER | [a-z] to read and make FWA compensated reading from keyed reference
19:08:01 METER | 'r' to set reference, 's' to save spectrum,
19:08:01 METER | 'f' to report cal. refresh rate, 'F' to measure refresh rate
19:08:01 METER | 'h' to toggle high res., 'k' to do a calibration
19:08:01 METER | Hit ESC or Q to exit, any other key to take a reading:
19:08:01 POINT stage=detail_50_reference_1 level=50% Y=23.050989 xy=(0.31302,0.32872) noise_uv=0.000000 noise_Y=0.00%
19:08:02 PATCH  55% area=0.065 range=full \\.\DISPLAY2
19:08:04 MEASURE stage=detail_50_reference_1 level=55% read=1/1
19:08:06 METER | Result is XYZ: 27.796426 29.342299 31.908872, D50 Lab: 61.082543 -1.951116 -12.823515
19:08:06 METER | Place instrument on spot to be measured,
19:08:06 METER | and hit [A-Z] to read white and setup FWA compensation (keyed to letter)
19:08:06 METER | [a-z] to read and make FWA compensated reading from keyed reference
19:08:06 METER | 'r' to set reference, 's' to save spectrum,
19:08:06 METER | 'f' to report cal. refresh rate, 'F' to measure refresh rate
19:08:06 METER | 'h' to toggle high res., 'k' to do a calibration
19:08:06 METER | Hit ESC or Q to exit, any other key to take a reading:
19:08:06 POINT stage=detail_50_reference_1 level=55% Y=29.342299 xy=(0.31215,0.32951) noise_uv=0.000000 noise_Y=0.00%
19:08:06 TV > VWB:ISL050
19:08:06 TV < VWB:ISL
19:08:06 TV > VWB:SLG050
19:08:06 TV < VWB:SLG
19:08:06 TV > VWB:GNR-01
19:08:06 TV < VWB:GNR
19:08:06 TV > QWB:GNR
19:08:06 TV < QWB:GNR-01
19:08:06 TV > VWB:GNB004
19:08:06 TV < VWB:GNB
19:08:06 TV > QWB:GNB
19:08:06 TV < QWB:GNB+04
19:08:06 PATCH  45% area=0.065 range=full \\.\DISPLAY2
19:08:08 MEASURE stage=detail_50_candidate_1 level=45% read=1/1
19:08:11 METER | Result is XYZ: 18.790463 19.540120 22.104577, D50 Lab: 51.313225 -0.257806 -12.883215
19:08:11 METER | Place instrument on spot to be measured,
19:08:11 METER | and hit [A-Z] to read white and setup FWA compensation (keyed to letter)
19:08:11 METER | [a-z] to read and make FWA compensated reading from keyed reference
19:08:11 METER | 'r' to set reference, 's' to save spectrum,
19:08:11 METER | 'f' to report cal. refresh rate, 'F' to measure refresh rate
19:08:11 METER | 'h' to toggle high res., 'k' to do a calibration
19:08:11 METER | Hit ESC or Q to exit, any other key to take a reading:
19:08:11 POINT stage=detail_50_candidate_1 level=45% Y=19.540120 xy=(0.31092,0.32332) noise_uv=0.000000 noise_Y=0.00%
19:08:11 PATCH  50% area=0.065 range=full \\.\DISPLAY2
19:08:13 MEASURE stage=detail_50_candidate_1 level=50% read=1/1
19:08:15 METER | Result is XYZ: 21.946188 23.076880 25.019883, D50 Lab: 55.151439 -1.405919 -11.701724
19:08:15 METER | Place instrument on spot to be measured,
19:08:15 METER | and hit [A-Z] to read white and setup FWA compensation (keyed to letter)
19:08:15 METER | [a-z] to read and make FWA compensated reading from keyed reference
19:08:15 METER | 'r' to set reference, 's' to save spectrum,
19:08:15 METER | 'f' to report cal. refresh rate, 'F' to measure refresh rate
19:08:15 METER | 'h' to toggle high res., 'k' to do a calibration
19:08:15 METER | Hit ESC or Q to exit, any other key to take a reading:
19:08:15 POINT stage=detail_50_candidate_1 level=50% Y=23.076880 xy=(0.31332,0.32947) noise_uv=0.000000 noise_Y=0.00%
19:08:15 PATCH  55% area=0.065 range=full \\.\DISPLAY2
19:08:17 MEASURE stage=detail_50_candidate_1 level=55% read=1/1
19:08:20 METER | Result is XYZ: 27.831111 29.328494 32.095191, D50 Lab: 61.070453 -1.761675 -13.127445
19:08:20 METER | Place instrument on spot to be measured,
19:08:20 METER | and hit [A-Z] to read white and setup FWA compensation (keyed to letter)
19:08:20 METER | [a-z] to read and make FWA compensated reading from keyed reference
19:08:20 METER | 'r' to set reference, 's' to save spectrum,
19:08:20 METER | 'f' to report cal. refresh rate, 'F' to measure refresh rate
19:08:20 METER | 'h' to toggle high res., 'k' to do a calibration
19:08:20 METER | Hit ESC or Q to exit, any other key to take a reading:
19:08:20 POINT stage=detail_50_candidate_1 level=55% Y=29.328494 xy=(0.31182,0.32859) noise_uv=0.000000 noise_Y=0.00%
19:08:20 TV > VWB:ISL050
19:08:20 TV < VWB:ISL
19:08:20 TV > VWB:SLG050
19:08:20 TV < VWB:SLG
19:08:20 TV > VWB:GNR000
19:08:20 TV < VWB:GNR
19:08:20 TV > QWB:GNR
19:08:20 TV < QWB:GNR000
19:08:20 TV > VWB:GNB000
19:08:20 TV < VWB:GNB
19:08:20 TV > QWB:GNB
19:08:20 TV < QWB:GNB000
19:08:20 DECISION detail_50 iteration=1 RESTORE chroma=0.782->1.238 max=1.211->2.109
19:08:20 TV > VWB:ISL060
19:08:20 TV < VWB:ISL
19:08:20 TV > VWB:SLG060
19:08:20 TV < VWB:SLG
19:08:20 TV > QWB:GNR
19:08:20 TV < QWB:GNR000
19:08:20 TV > QWB:GNB
19:08:20 TV < QWB:GNB000
19:08:20 PATCH  55% area=0.065 range=full \\.\DISPLAY2
19:08:22 MEASURE stage=detail_60_before_1 level=55% read=1/1
19:08:24 METER | Result is XYZ: 27.715506 29.210141 32.082295, D50 Lab: 60.966642 -1.772379 -13.286869
19:08:24 METER | Place instrument on spot to be measured,
19:08:24 METER | and hit [A-Z] to read white and setup FWA compensation (keyed to letter)
19:08:24 METER | [a-z] to read and make FWA compensated reading from keyed reference
19:08:24 METER | 'r' to set reference, 's' to save spectrum,
19:08:24 METER | 'f' to report cal. refresh rate, 'F' to measure refresh rate
19:08:24 METER | 'h' to toggle high res., 'k' to do a calibration
19:08:24 METER | Hit ESC or Q to exit, any other key to take a reading:
19:08:24 POINT stage=detail_60_before_1 level=55% Y=29.210141 xy=(0.31138,0.32817) noise_uv=0.000000 noise_Y=0.00%
19:08:25 PATCH  60% area=0.065 range=full \\.\DISPLAY2
19:08:27 MEASURE stage=detail_60_before_1 level=60% read=1/1
19:08:29 METER | Result is XYZ: 33.076815 35.008655 38.586640, D50 Lab: 65.755403 -2.377555 -14.295743
19:08:29 METER | Place instrument on spot to be measured,
19:08:29 METER | and hit [A-Z] to read white and setup FWA compensation (keyed to letter)
19:08:29 METER | [a-z] to read and make FWA compensated reading from keyed reference
19:08:29 METER | 'r' to set reference, 's' to save spectrum,
19:08:29 METER | 'f' to report cal. refresh rate, 'F' to measure refresh rate
19:08:29 METER | 'h' to toggle high res., 'k' to do a calibration
19:08:29 METER | Hit ESC or Q to exit, any other key to take a reading:
19:08:29 POINT stage=detail_60_before_1 level=60% Y=35.008655 xy=(0.31008,0.32819) noise_uv=0.000000 noise_Y=0.00%
19:08:29 PATCH  65% area=0.065 range=full \\.\DISPLAY2
19:08:31 MEASURE stage=detail_60_before_1 level=65% read=1/1
19:08:34 METER | Result is XYZ: 40.968593 43.417864 47.385613, D50 Lab: 71.837670 -2.717669 -14.811788
19:08:34 METER | Place instrument on spot to be measured,
19:08:34 METER | and hit [A-Z] to read white and setup FWA compensation (keyed to letter)
19:08:34 METER | [a-z] to read and make FWA compensated reading from keyed reference
19:08:34 METER | 'r' to set reference, 's' to save spectrum,
19:08:34 METER | 'f' to report cal. refresh rate, 'F' to measure refresh rate
19:08:34 METER | 'h' to toggle high res., 'k' to do a calibration
19:08:34 METER | Hit ESC or Q to exit, any other key to take a reading:
19:08:34 POINT stage=detail_60_before_1 level=65% Y=43.417864 xy=(0.31090,0.32949) noise_uv=0.000000 noise_Y=0.00%
19:08:34 TV > VWB:ISL060
19:08:34 TV < VWB:ISL
19:08:34 TV > VWB:SLG060
19:08:34 TV < VWB:SLG
19:08:34 TV > VWB:GNR006
19:08:34 TV < VWB:GNR
19:08:34 TV > QWB:GNR
19:08:34 TV < QWB:GNR+06
19:08:34 PATCH  60% area=0.065 range=full \\.\DISPLAY2
19:08:36 MEASURE stage=detail_60_WB:GNR_trial level=60% read=1/1
19:08:38 METER | Result is XYZ: 33.462063 35.213369 39.189668, D50 Lab: 65.914449 -1.709452 -14.826109
19:08:38 METER | Place instrument on spot to be measured,
19:08:38 METER | and hit [A-Z] to read white and setup FWA compensation (keyed to letter)
19:08:38 METER | [a-z] to read and make FWA compensated reading from keyed reference
19:08:38 METER | 'r' to set reference, 's' to save spectrum,
19:08:38 METER | 'f' to report cal. refresh rate, 'F' to measure refresh rate
19:08:38 METER | 'h' to toggle high res., 'k' to do a calibration
19:08:38 METER | Hit ESC or Q to exit, any other key to take a reading:
19:08:38 POINT stage=detail_60_WB:GNR_trial level=60% Y=35.213369 xy=(0.31022,0.32646) noise_uv=0.000000 noise_Y=0.00%
19:08:38 TV > VWB:ISL060
19:08:38 TV < VWB:ISL
19:08:38 TV > VWB:SLG060
19:08:38 TV < VWB:SLG
19:08:38 TV > VWB:GNR000
19:08:38 TV < VWB:GNR
19:08:38 TV > QWB:GNR
19:08:38 TV < QWB:GNR000
19:08:38 PATCH  60% area=0.065 range=full \\.\DISPLAY2
19:08:40 MEASURE stage=detail_60_WB:GNR_restored level=60% read=1/1
19:08:43 METER | Result is XYZ: 33.491553 35.195022 39.601565, D50 Lab: 65.900220 -1.544929 -15.395479
19:08:43 METER | Place instrument on spot to be measured,
19:08:43 METER | and hit [A-Z] to read white and setup FWA compensation (keyed to letter)
19:08:43 METER | [a-z] to read and make FWA compensated reading from keyed reference
19:08:43 METER | 'r' to set reference, 's' to save spectrum,
19:08:43 METER | 'f' to report cal. refresh rate, 'F' to measure refresh rate
19:08:43 METER | 'h' to toggle high res., 'k' to do a calibration
19:08:43 METER | Hit ESC or Q to exit, any other key to take a reading:
19:08:43 POINT stage=detail_60_WB:GNR_restored level=60% Y=35.195022 xy=(0.30928,0.32501) noise_uv=0.000000 noise_Y=0.00%
19:08:43 TV > VWB:ISL060
19:08:43 TV < VWB:ISL
19:08:43 TV > VWB:SLG060
19:08:43 TV < VWB:SLG
19:08:43 TV > VWB:GNB006
19:08:43 TV < VWB:GNB
19:08:43 TV > QWB:GNB
19:08:43 TV < QWB:GNB+06
19:08:43 PATCH  60% area=0.065 range=full \\.\DISPLAY2
19:08:45 MEASURE stage=detail_60_WB:GNB_trial level=60% read=1/1
19:08:47 METER | Result is XYZ: 33.373964 35.207627 38.741691, D50 Lab: 65.909997 -1.998894 -14.236873
19:08:47 METER | Place instrument on spot to be measured,
19:08:47 METER | and hit [A-Z] to read white and setup FWA compensation (keyed to letter)
19:08:47 METER | [a-z] to read and make FWA compensated reading from keyed reference
19:08:47 METER | 'r' to set reference, 's' to save spectrum,
19:08:47 METER | 'f' to report cal. refresh rate, 'F' to measure refresh rate
19:08:47 METER | 'h' to toggle high res., 'k' to do a calibration
19:08:47 METER | Hit ESC or Q to exit, any other key to take a reading:
19:08:47 POINT stage=detail_60_WB:GNB_trial level=60% Y=35.207627 xy=(0.31097,0.32805) noise_uv=0.000000 noise_Y=0.00%
19:08:47 TV > VWB:ISL060
19:08:47 TV < VWB:ISL
19:08:47 TV > VWB:SLG060
19:08:47 TV < VWB:SLG
19:08:47 TV > VWB:GNB000
19:08:47 TV < VWB:GNB
19:08:47 TV > QWB:GNB
19:08:47 TV < QWB:GNB000
19:08:47 PATCH  60% area=0.065 range=full \\.\DISPLAY2
19:08:49 MEASURE stage=detail_60_WB:GNB_restored level=60% read=1/1
19:08:52 METER | Result is XYZ: 33.179139 35.177183 38.333421, D50 Lab: 65.886380 -2.581555 -13.729565
19:08:52 METER | Place instrument on spot to be measured,
19:08:52 METER | and hit [A-Z] to read white and setup FWA compensation (keyed to letter)
19:08:52 METER | [a-z] to read and make FWA compensated reading from keyed reference
19:08:52 METER | 'r' to set reference, 's' to save spectrum,
19:08:52 METER | 'f' to report cal. refresh rate, 'F' to measure refresh rate
19:08:52 METER | 'h' to toggle high res., 'k' to do a calibration
19:08:52 METER | Hit ESC or Q to exit, any other key to take a reading:
19:08:52 POINT stage=detail_60_WB:GNB_restored level=60% Y=35.177183 xy=(0.31099,0.32971) noise_uv=0.000000 noise_Y=0.00%
19:08:52 PATCH  55% area=0.065 range=full \\.\DISPLAY2
19:08:54 MEASURE stage=detail_60_reference_1 level=55% read=1/1
19:08:56 METER | Result is XYZ: 27.709767 29.238065 31.577139, D50 Lab: 60.991161 -1.900837 -12.474314
19:08:56 METER | Place instrument on spot to be measured,
19:08:56 METER | and hit [A-Z] to read white and setup FWA compensation (keyed to letter)
19:08:56 METER | [a-z] to read and make FWA compensated reading from keyed reference
19:08:56 METER | 'r' to set reference, 's' to save spectrum,
19:08:56 METER | 'f' to report cal. refresh rate, 'F' to measure refresh rate
19:08:56 METER | 'h' to toggle high res., 'k' to do a calibration
19:08:56 METER | Hit ESC or Q to exit, any other key to take a reading:
19:08:56 POINT stage=detail_60_reference_1 level=55% Y=29.238065 xy=(0.31302,0.33028) noise_uv=0.000000 noise_Y=0.00%
19:08:57 PATCH  60% area=0.065 range=full \\.\DISPLAY2
19:08:59 MEASURE stage=detail_60_reference_1 level=60% read=1/1
19:09:01 METER | Result is XYZ: 33.096926 35.025538 38.523919, D50 Lab: 65.768544 -2.363270 -14.188921
19:09:01 METER | Place instrument on spot to be measured,
19:09:01 METER | and hit [A-Z] to read white and setup FWA compensation (keyed to letter)
19:09:01 METER | [a-z] to read and make FWA compensated reading from keyed reference
19:09:01 METER | 'r' to set reference, 's' to save spectrum,
19:09:01 METER | 'f' to report cal. refresh rate, 'F' to measure refresh rate
19:09:01 METER | 'h' to toggle high res., 'k' to do a calibration
19:09:01 METER | Hit ESC or Q to exit, any other key to take a reading:
19:09:01 POINT stage=detail_60_reference_1 level=60% Y=35.025538 xy=(0.31034,0.32843) noise_uv=0.000000 noise_Y=0.00%
19:09:01 PATCH  65% area=0.065 range=full \\.\DISPLAY2
19:09:03 MEASURE stage=detail_60_reference_1 level=65% read=1/1
19:09:06 METER | Result is XYZ: 41.245445 43.343431 47.933247, D50 Lab: 71.787446 -1.656369 -15.536400
19:09:06 METER | Place instrument on spot to be measured,
19:09:06 METER | and hit [A-Z] to read white and setup FWA compensation (keyed to letter)
19:09:06 METER | [a-z] to read and make FWA compensated reading from keyed reference
19:09:06 METER | 'r' to set reference, 's' to save spectrum,
19:09:06 METER | 'f' to report cal. refresh rate, 'F' to measure refresh rate
19:09:06 METER | 'h' to toggle high res., 'k' to do a calibration
19:09:06 METER | Hit ESC or Q to exit, any other key to take a reading:
19:09:06 POINT stage=detail_60_reference_1 level=65% Y=43.343431 xy=(0.31123,0.32707) noise_uv=0.000000 noise_Y=0.00%
19:09:06 TV > VWB:ISL060
19:09:06 TV < VWB:ISL
19:09:06 TV > VWB:SLG060
19:09:06 TV < VWB:SLG
19:09:06 TV > VWB:GNR004
19:09:06 TV < VWB:GNR
19:09:06 TV > QWB:GNR
19:09:06 TV < QWB:GNR+04
19:09:06 TV > VWB:GNB004
19:09:06 TV < VWB:GNB
19:09:06 TV > QWB:GNB
19:09:06 TV < QWB:GNB+04
19:09:06 PATCH  55% area=0.065 range=full \\.\DISPLAY2
19:09:08 MEASURE stage=detail_60_candidate_1 level=55% read=1/1
19:09:10 METER | Result is XYZ: 27.940496 29.473787 32.289537, D50 Lab: 61.197511 -1.876998 -13.202491
19:09:10 METER | Place instrument on spot to be measured,
19:09:10 METER | and hit [A-Z] to read white and setup FWA compensation (keyed to letter)
19:09:10 METER | [a-z] to read and make FWA compensated reading from keyed reference
19:09:10 METER | 'r' to set reference, 's' to save spectrum,
19:09:10 METER | 'f' to report cal. refresh rate, 'F' to measure refresh rate
19:09:10 METER | 'h' to toggle high res., 'k' to do a calibration
19:09:10 METER | Hit ESC or Q to exit, any other key to take a reading:
19:09:10 POINT stage=detail_60_candidate_1 level=55% Y=29.473787 xy=(0.31147,0.32857) noise_uv=0.000000 noise_Y=0.00%
19:09:10 PATCH  60% area=0.065 range=full \\.\DISPLAY2
19:09:12 MEASURE stage=detail_60_candidate_1 level=60% read=1/1
19:09:15 METER | Result is XYZ: 33.432474 35.316748 39.106150, D50 Lab: 65.994532 -2.158232 -14.577097
19:09:15 METER | Place instrument on spot to be measured,
19:09:15 METER | and hit [A-Z] to read white and setup FWA compensation (keyed to letter)
19:09:15 METER | [a-z] to read and make FWA compensated reading from keyed reference
19:09:15 METER | 'r' to set reference, 's' to save spectrum,
19:09:15 METER | 'f' to report cal. refresh rate, 'F' to measure refresh rate
19:09:15 METER | 'h' to toggle high res., 'k' to do a calibration
19:09:15 METER | Hit ESC or Q to exit, any other key to take a reading:
19:09:15 POINT stage=detail_60_candidate_1 level=60% Y=35.316748 xy=(0.30998,0.32745) noise_uv=0.000000 noise_Y=0.00%
19:09:15 PATCH  65% area=0.065 range=full \\.\DISPLAY2
19:09:17 MEASURE stage=detail_60_candidate_1 level=65% read=1/1
19:09:19 METER | Result is XYZ: 41.104007 43.296875 47.675995, D50 Lab: 71.756004 -1.951967 -15.291509
19:09:19 METER | Place instrument on spot to be measured,
19:09:19 METER | and hit [A-Z] to read white and setup FWA compensation (keyed to letter)
19:09:19 METER | [a-z] to read and make FWA compensated reading from keyed reference
19:09:19 METER | 'r' to set reference, 's' to save spectrum,
19:09:19 METER | 'f' to report cal. refresh rate, 'F' to measure refresh rate
19:09:19 METER | 'h' to toggle high res., 'k' to do a calibration
19:09:19 METER | Hit ESC or Q to exit, any other key to take a reading:
19:09:19 POINT stage=detail_60_candidate_1 level=65% Y=43.296875 xy=(0.31121,0.32782) noise_uv=0.000000 noise_Y=0.00%
19:09:19 DECISION detail_60 iteration=1 ACCEPT chroma=0.840->0.733 max=1.079->1.015
19:09:19 TV > VWB:ISL060
19:09:19 TV < VWB:ISL
19:09:19 TV > VWB:SLG060
19:09:19 TV < VWB:SLG
19:09:19 TV > QWB:GNR
19:09:19 TV < QWB:GNR+04
19:09:19 TV > QWB:GNB
19:09:19 TV < QWB:GNB+04
19:09:20 PATCH  55% area=0.065 range=full \\.\DISPLAY2
19:09:22 MEASURE stage=detail_60_before_2 level=55% read=1/1
19:09:24 METER | Result is XYZ: 27.984767 29.473781 32.180834, D50 Lab: 61.197506 -1.702316 -13.038140
19:09:24 METER | Place instrument on spot to be measured,
19:09:24 METER | and hit [A-Z] to read white and setup FWA compensation (keyed to letter)
19:09:24 METER | [a-z] to read and make FWA compensated reading from keyed reference
19:09:24 METER | 'r' to set reference, 's' to save spectrum,
19:09:24 METER | 'f' to report cal. refresh rate, 'F' to measure refresh rate
19:09:24 METER | 'h' to toggle high res., 'k' to do a calibration
19:09:24 METER | Hit ESC or Q to exit, any other key to take a reading:
19:09:24 POINT stage=detail_60_before_2 level=55% Y=29.473781 xy=(0.31219,0.32880) noise_uv=0.000000 noise_Y=0.00%
19:09:24 PATCH  60% area=0.065 range=full \\.\DISPLAY2
19:09:26 MEASURE stage=detail_60_before_2 level=60% read=1/1
19:09:29 METER | Result is XYZ: 33.441433 35.038029 38.956112, D50 Lab: 65.778262 -1.194659 -14.750281
19:09:29 METER | Place instrument on spot to be measured,
19:09:29 METER | and hit [A-Z] to read white and setup FWA compensation (keyed to letter)
19:09:29 METER | [a-z] to read and make FWA compensated reading from keyed reference
19:09:29 METER | 'r' to set reference, 's' to save spectrum,
19:09:29 METER | 'f' to report cal. refresh rate, 'F' to measure refresh rate
19:09:29 METER | 'h' to toggle high res., 'k' to do a calibration
19:09:29 METER | Hit ESC or Q to exit, any other key to take a reading:
19:09:29 POINT stage=detail_60_before_2 level=60% Y=35.038029 xy=(0.31127,0.32613) noise_uv=0.000000 noise_Y=0.00%
19:09:29 PATCH  65% area=0.065 range=full \\.\DISPLAY2
19:09:31 MEASURE stage=detail_60_before_2 level=65% read=1/1
19:09:33 METER | Result is XYZ: 40.925475 43.118336 47.309546, D50 Lab: 71.635215 -1.976934 -15.071838
19:09:33 METER | Place instrument on spot to be measured,
19:09:33 METER | and hit [A-Z] to read white and setup FWA compensation (keyed to letter)
19:09:33 METER | [a-z] to read and make FWA compensated reading from keyed reference
19:09:33 METER | 'r' to set reference, 's' to save spectrum,
19:09:33 METER | 'f' to report cal. refresh rate, 'F' to measure refresh rate
19:09:33 METER | 'h' to toggle high res., 'k' to do a calibration
19:09:33 METER | Hit ESC or Q to exit, any other key to take a reading:
19:09:33 POINT stage=detail_60_before_2 level=65% Y=43.118336 xy=(0.31157,0.32826) noise_uv=0.000000 noise_Y=0.00%
19:09:33 TV > VWB:ISL060
19:09:33 TV < VWB:ISL
19:09:33 TV > VWB:SLG060
19:09:33 TV < VWB:SLG
19:09:33 TV > VWB:GNR010
19:09:33 TV < VWB:GNR
19:09:33 TV > QWB:GNR
19:09:33 TV < QWB:GNR+10
19:09:33 PATCH  60% area=0.065 range=full \\.\DISPLAY2
19:09:35 MEASURE stage=detail_60_WB:GNR_trial level=60% read=1/1
19:09:38 METER | Result is XYZ: 33.808528 35.476709 39.351002, D50 Lab: 66.118139 -1.378896 -14.688777
19:09:38 METER | Place instrument on spot to be measured,
19:09:38 METER | and hit [A-Z] to read white and setup FWA compensation (keyed to letter)
19:09:38 METER | [a-z] to read and make FWA compensated reading from keyed reference
19:09:38 METER | 'r' to set reference, 's' to save spectrum,
19:09:38 METER | 'f' to report cal. refresh rate, 'F' to measure refresh rate
19:09:38 METER | 'h' to toggle high res., 'k' to do a calibration
19:09:38 METER | Hit ESC or Q to exit, any other key to take a reading:
19:09:38 POINT stage=detail_60_WB:GNR_trial level=60% Y=35.476709 xy=(0.31121,0.32656) noise_uv=0.000000 noise_Y=0.00%
19:09:38 TV > VWB:ISL060
19:09:38 TV < VWB:ISL
19:09:38 TV > VWB:SLG060
19:09:38 TV < VWB:SLG
19:09:38 TV > VWB:GNR004
19:09:38 TV < VWB:GNR
19:09:38 TV > QWB:GNR
19:09:38 TV < QWB:GNR+04
19:09:38 PATCH  60% area=0.065 range=full \\.\DISPLAY2
19:09:40 MEASURE stage=detail_60_WB:GNR_restored level=60% read=1/1
19:09:42 METER | Result is XYZ: 33.511284 35.134794 39.542583, D50 Lab: 65.853476 -1.274436 -15.398287
19:09:42 METER | Place instrument on spot to be measured,
19:09:42 METER | and hit [A-Z] to read white and setup FWA compensation (keyed to letter)
19:09:42 METER | [a-z] to read and make FWA compensated reading from keyed reference
19:09:42 METER | 'r' to set reference, 's' to save spectrum,
19:09:42 METER | 'f' to report cal. refresh rate, 'F' to measure refresh rate
19:09:42 METER | 'h' to toggle high res., 'k' to do a calibration
19:09:42 METER | Hit ESC or Q to exit, any other key to take a reading:
19:09:42 POINT stage=detail_60_WB:GNR_restored level=60% Y=35.134794 xy=(0.30975,0.32475) noise_uv=0.000000 noise_Y=0.00%
19:09:42 TV > VWB:ISL060
19:09:42 TV < VWB:ISL
19:09:42 TV > VWB:SLG060
19:09:42 TV < VWB:SLG
19:09:42 TV > VWB:GNB010
19:09:42 TV < VWB:GNB
19:09:42 TV > QWB:GNB
19:09:42 TV < QWB:GNB+10
19:09:42 PATCH  60% area=0.065 range=full \\.\DISPLAY2
19:09:44 MEASURE stage=detail_60_WB:GNB_trial level=60% read=1/1
19:09:47 METER | Result is XYZ: 33.513436 35.219623 39.741108, D50 Lab: 65.919299 -1.550630 -15.546308
19:09:47 METER | Place instrument on spot to be measured,
19:09:47 METER | and hit [A-Z] to read white and setup FWA compensation (keyed to letter)
19:09:47 METER | [a-z] to read and make FWA compensated reading from keyed reference
19:09:47 METER | 'r' to set reference, 's' to save spectrum,
19:09:47 METER | 'f' to report cal. refresh rate, 'F' to measure refresh rate
19:09:47 METER | 'h' to toggle high res., 'k' to do a calibration
19:09:47 METER | Hit ESC or Q to exit, any other key to take a reading:
19:09:47 POINT stage=detail_60_WB:GNB_trial level=60% Y=35.219623 xy=(0.30895,0.32468) noise_uv=0.000000 noise_Y=0.00%
19:09:47 TV > VWB:ISL060
19:09:47 TV < VWB:ISL
19:09:47 TV > VWB:SLG060
19:09:47 TV < VWB:SLG
19:09:47 TV > VWB:GNB004
19:09:47 TV < VWB:GNB
19:09:47 TV > QWB:GNB
19:09:47 TV < QWB:GNB+04
19:09:47 PATCH  60% area=0.065 range=full \\.\DISPLAY2
19:09:49 MEASURE stage=detail_60_WB:GNB_restored level=60% read=1/1
19:10:08 METER | Result is XYZ: 28.595601 32.685938 18.149071, D50 Lab: 63.905801 -10.984695 17.029853
19:10:08 METER | Place instrument on spot to be measured,
19:10:08 METER | and hit [A-Z] to read white and setup FWA compensation (keyed to letter)
19:10:08 METER | [a-z] to read and make FWA compensated reading from keyed reference
19:10:08 METER | 'r' to set reference, 's' to save spectrum,
19:10:08 METER | 'f' to report cal. refresh rate, 'F' to measure refresh rate
19:10:08 METER | 'h' to toggle high res., 'k' to do a calibration
19:10:08 METER | Hit ESC or Q to exit, any other key to take a reading:
19:10:08 POINT stage=detail_60_WB:GNB_restored level=60% Y=32.685938 xy=(0.36001,0.41150) noise_uv=0.000000 noise_Y=0.00%
19:10:09 PATCH  55% area=0.065 range=full \\.\DISPLAY2
19:10:11 MEASURE stage=detail_60_reference_2 level=55% read=1/1
19:10:13 METER | Result is XYZ: 28.160383 29.502111 32.662264, D50 Lab: 61.222233 -1.117857 -13.720650
19:10:13 METER | Place instrument on spot to be measured,
19:10:13 METER | and hit [A-Z] to read white and setup FWA compensation (keyed to letter)
19:10:13 METER | [a-z] to read and make FWA compensated reading from keyed reference
19:10:13 METER | 'r' to set reference, 's' to save spectrum,
19:10:13 METER | 'f' to report cal. refresh rate, 'F' to measure refresh rate
19:10:13 METER | 'h' to toggle high res., 'k' to do a calibration
19:10:13 METER | Hit ESC or Q to exit, any other key to take a reading:
19:10:13 POINT stage=detail_60_reference_2 level=55% Y=29.502111 xy=(0.31177,0.32662) noise_uv=0.000000 noise_Y=0.00%
19:10:13 PATCH  60% area=0.065 range=full \\.\DISPLAY2
19:10:15 MEASURE stage=detail_60_reference_2 level=60% read=1/1
19:10:18 METER | Result is XYZ: 33.386162 35.247176 39.263820, D50 Lab: 65.940655 -2.088274 -14.879293
19:10:18 METER | Place instrument on spot to be measured,
19:10:18 METER | and hit [A-Z] to read white and setup FWA compensation (keyed to letter)
19:10:18 METER | [a-z] to read and make FWA compensated reading from keyed reference
19:10:18 METER | 'r' to set reference, 's' to save spectrum,
19:10:18 METER | 'f' to report cal. refresh rate, 'F' to measure refresh rate
19:10:18 METER | 'h' to toggle high res., 'k' to do a calibration
19:10:18 METER | Hit ESC or Q to exit, any other key to take a reading:
19:10:18 POINT stage=detail_60_reference_2 level=60% Y=35.247176 xy=(0.30943,0.32667) noise_uv=0.000000 noise_Y=0.00%
19:10:18 PATCH  65% area=0.065 range=full \\.\DISPLAY2
19:10:20 MEASURE stage=detail_60_reference_2 level=65% read=1/1
19:10:22 METER | Result is XYZ: 40.924125 43.168284 46.954640, D50 Lab: 71.669040 -2.126864 -14.596959
19:10:22 METER | Place instrument on spot to be measured,
19:10:22 METER | and hit [A-Z] to read white and setup FWA compensation (keyed to letter)
19:10:22 METER | [a-z] to read and make FWA compensated reading from keyed reference
19:10:22 METER | 'r' to set reference, 's' to save spectrum,
19:10:22 METER | 'f' to report cal. refresh rate, 'F' to measure refresh rate
19:10:22 METER | 'h' to toggle high res., 'k' to do a calibration
19:10:22 METER | Hit ESC or Q to exit, any other key to take a reading:
19:10:22 POINT stage=detail_60_reference_2 level=65% Y=43.168284 xy=(0.31229,0.32941) noise_uv=0.000000 noise_Y=0.00%
19:10:22 TV > VWB:ISL060
19:10:22 TV < VWB:ISL
19:10:22 TV > VWB:SLG060
19:10:22 TV < VWB:SLG
19:10:22 TV > VWB:GNR008
19:10:22 TV < VWB:GNR
19:10:22 TV > QWB:GNR
19:10:22 TV < QWB:GNR+08
19:10:22 TV > VWB:GNB008
19:10:22 TV < VWB:GNB
19:10:22 TV > QWB:GNB
19:10:22 TV < QWB:GNB+08
19:10:22 PATCH  55% area=0.065 range=full \\.\DISPLAY2
19:10:24 MEASURE stage=detail_60_candidate_2 level=55% read=1/1
19:10:27 METER | Result is XYZ: 28.127767 29.210508 32.774515, D50 Lab: 60.966964 -0.145686 -14.328816
19:10:27 METER | Place instrument on spot to be measured,
19:10:27 METER | and hit [A-Z] to read white and setup FWA compensation (keyed to letter)
19:10:27 METER | [a-z] to read and make FWA compensated reading from keyed reference
19:10:27 METER | 'r' to set reference, 's' to save spectrum,
19:10:27 METER | 'f' to report cal. refresh rate, 'F' to measure refresh rate
19:10:27 METER | 'h' to toggle high res., 'k' to do a calibration
19:10:27 METER | Hit ESC or Q to exit, any other key to take a reading:
19:10:27 POINT stage=detail_60_candidate_2 level=55% Y=29.210508 xy=(0.31214,0.32415) noise_uv=0.000000 noise_Y=0.00%
19:10:27 PATCH  60% area=0.065 range=full \\.\DISPLAY2
19:10:29 MEASURE stage=detail_60_candidate_2 level=60% read=1/1
19:10:31 METER | Result is XYZ: 33.814087 35.444245 39.625600, D50 Lab: 66.093083 -1.251570 -15.094632
19:10:31 METER | Place instrument on spot to be measured,
19:10:31 METER | and hit [A-Z] to read white and setup FWA compensation (keyed to letter)
19:10:31 METER | [a-z] to read and make FWA compensated reading from keyed reference
19:10:31 METER | 'r' to set reference, 's' to save spectrum,
19:10:31 METER | 'f' to report cal. refresh rate, 'F' to measure refresh rate
19:10:31 METER | 'h' to toggle high res., 'k' to do a calibration
19:10:31 METER | Hit ESC or Q to exit, any other key to take a reading:
19:10:31 POINT stage=detail_60_candidate_2 level=60% Y=35.444245 xy=(0.31055,0.32552) noise_uv=0.000000 noise_Y=0.00%
19:10:31 PATCH  65% area=0.065 range=full \\.\DISPLAY2
19:10:33 MEASURE stage=detail_60_candidate_2 level=65% read=1/1
19:10:36 METER | Result is XYZ: 40.803518 43.224234 47.203306, D50 Lab: 71.706899 -2.659543 -14.823768
19:10:36 METER | Place instrument on spot to be measured,
19:10:36 METER | and hit [A-Z] to read white and setup FWA compensation (keyed to letter)
19:10:36 METER | [a-z] to read and make FWA compensated reading from keyed reference
19:10:36 METER | 'r' to set reference, 's' to save spectrum,
19:10:36 METER | 'f' to report cal. refresh rate, 'F' to measure refresh rate
19:10:36 METER | 'h' to toggle high res., 'k' to do a calibration
19:10:36 METER | Hit ESC or Q to exit, any other key to take a reading:
19:10:36 POINT stage=detail_60_candidate_2 level=65% Y=43.224234 xy=(0.31093,0.32938) noise_uv=0.000000 noise_Y=0.00%
19:10:36 TV > VWB:ISL060
19:10:36 TV < VWB:ISL
19:10:36 TV > VWB:SLG060
19:10:36 TV < VWB:SLG
19:10:36 TV > VWB:GNR004
19:10:36 TV < VWB:GNR
19:10:36 TV > QWB:GNR
19:10:36 TV < QWB:GNR+04
19:10:36 TV > VWB:GNB004
19:10:36 TV < VWB:GNB
19:10:36 TV > QWB:GNB
19:10:36 TV < QWB:GNB+04
19:10:36 DECISION detail_60 iteration=2 RESTORE chroma=0.925->1.723 max=1.175->2.363
19:10:36 TV > VWB:ISL070
19:10:36 TV < VWB:ISL
19:10:36 TV > VWB:SLG070
19:10:36 TV < VWB:SLG
19:10:36 TV > QWB:GNR
19:10:36 TV < QWB:GNR000
19:10:36 TV > QWB:GNB
19:10:36 TV < QWB:GNB000
19:10:36 PATCH  65% area=0.065 range=full \\.\DISPLAY2
19:10:38 MEASURE stage=detail_70_before_1 level=65% read=1/1
19:10:40 METER | Result is XYZ: 40.792640 43.169077 47.447211, D50 Lab: 71.669577 -2.532031 -15.173613
19:10:40 METER | Place instrument on spot to be measured,
19:10:40 METER | and hit [A-Z] to read white and setup FWA compensation (keyed to letter)
19:10:40 METER | [a-z] to read and make FWA compensated reading from keyed reference
19:10:40 METER | 'r' to set reference, 's' to save spectrum,
19:10:40 METER | 'f' to report cal. refresh rate, 'F' to measure refresh rate
19:10:40 METER | 'h' to toggle high res., 'k' to do a calibration
19:10:40 METER | Hit ESC or Q to exit, any other key to take a reading:
19:10:40 POINT stage=detail_70_before_1 level=65% Y=43.169077 xy=(0.31043,0.32851) noise_uv=0.000000 noise_Y=0.00%
19:10:41 PATCH  70% area=0.065 range=full \\.\DISPLAY2
19:10:43 MEASURE stage=detail_70_before_1 level=70% read=1/1
19:10:45 METER | Result is XYZ: 44.916343 47.546332 52.413767, D50 Lab: 74.537882 -2.651074 -15.840263
19:10:45 METER | Place instrument on spot to be measured,
19:10:45 METER | and hit [A-Z] to read white and setup FWA compensation (keyed to letter)
19:10:45 METER | [a-z] to read and make FWA compensated reading from keyed reference
19:10:45 METER | 'r' to set reference, 's' to save spectrum,
19:10:45 METER | 'f' to report cal. refresh rate, 'F' to measure refresh rate
19:10:45 METER | 'h' to toggle high res., 'k' to do a calibration
19:10:45 METER | Hit ESC or Q to exit, any other key to take a reading:
19:10:45 POINT stage=detail_70_before_1 level=70% Y=47.546332 xy=(0.31003,0.32819) noise_uv=0.000000 noise_Y=0.00%
19:10:45 PATCH  75% area=0.065 range=full \\.\DISPLAY2
19:10:47 MEASURE stage=detail_70_before_1 level=75% read=1/1
19:10:50 METER | Result is XYZ: 54.539894 57.691462 63.407212, D50 Lab: 80.566948 -2.727533 -16.712025
19:10:50 METER | Place instrument on spot to be measured,
19:10:50 METER | and hit [A-Z] to read white and setup FWA compensation (keyed to letter)
19:10:50 METER | [a-z] to read and make FWA compensated reading from keyed reference
19:10:50 METER | 'r' to set reference, 's' to save spectrum,
19:10:50 METER | 'f' to report cal. refresh rate, 'F' to measure refresh rate
19:10:50 METER | 'h' to toggle high res., 'k' to do a calibration
19:10:50 METER | Hit ESC or Q to exit, any other key to take a reading:
19:10:50 POINT stage=detail_70_before_1 level=75% Y=57.691462 xy=(0.31052,0.32847) noise_uv=0.000000 noise_Y=0.00%
19:10:50 TV > VWB:ISL070
19:10:50 TV < VWB:ISL
19:10:50 TV > VWB:SLG070
19:10:50 TV < VWB:SLG
19:10:50 TV > VWB:GNR006
19:10:50 TV < VWB:GNR
19:10:50 TV > QWB:GNR
19:10:50 TV < QWB:GNR+06
19:10:50 PATCH  70% area=0.065 range=full \\.\DISPLAY2
19:10:52 MEASURE stage=detail_70_WB:GNR_trial level=70% read=1/1
19:10:54 METER | Result is XYZ: 45.298160 48.029322 52.688680, D50 Lab: 74.843419 -2.872869 -15.613562
19:10:54 METER | Place instrument on spot to be measured,
19:10:54 METER | and hit [A-Z] to read white and setup FWA compensation (keyed to letter)
19:10:54 METER | [a-z] to read and make FWA compensated reading from keyed reference
19:10:54 METER | 'r' to set reference, 's' to save spectrum,
19:10:54 METER | 'f' to report cal. refresh rate, 'F' to measure refresh rate
19:10:54 METER | 'h' to toggle high res., 'k' to do a calibration
19:10:54 METER | Hit ESC or Q to exit, any other key to take a reading:
19:10:54 POINT stage=detail_70_WB:GNR_trial level=70% Y=48.029322 xy=(0.31023,0.32893) noise_uv=0.000000 noise_Y=0.00%
19:10:54 TV > VWB:ISL070
19:10:54 TV < VWB:ISL
19:10:54 TV > VWB:SLG070
19:10:54 TV < VWB:SLG
19:10:54 TV > VWB:GNR000
19:10:54 TV < VWB:GNR
19:10:54 TV > QWB:GNR
19:10:54 TV < QWB:GNR000
19:10:54 PATCH  70% area=0.065 range=full \\.\DISPLAY2
19:10:56 MEASURE stage=detail_70_WB:GNR_restored level=70% read=1/1
19:10:59 METER | Result is XYZ: 45.122474 47.839740 52.197790, D50 Lab: 74.723736 -2.860149 -15.283334
19:10:59 METER | Place instrument on spot to be measured,
19:10:59 METER | and hit [A-Z] to read white and setup FWA compensation (keyed to letter)
19:10:59 METER | [a-z] to read and make FWA compensated reading from keyed reference
19:10:59 METER | 'r' to set reference, 's' to save spectrum,
19:10:59 METER | 'f' to report cal. refresh rate, 'F' to measure refresh rate
19:10:59 METER | 'h' to toggle high res., 'k' to do a calibration
19:10:59 METER | Hit ESC or Q to exit, any other key to take a reading:
19:10:59 POINT stage=detail_70_WB:GNR_restored level=70% Y=47.839740 xy=(0.31085,0.32957) noise_uv=0.000000 noise_Y=0.00%
19:10:59 TV > VWB:ISL070
19:10:59 TV < VWB:ISL
19:10:59 TV > VWB:SLG070
19:10:59 TV < VWB:SLG
19:10:59 TV > VWB:GNB006
19:10:59 TV < VWB:GNB
19:10:59 TV > QWB:GNB
19:10:59 TV < QWB:GNB+06
19:10:59 PATCH  70% area=0.065 range=full \\.\DISPLAY2
19:11:01 MEASURE stage=detail_70_WB:GNB_trial level=70% read=1/1
19:11:03 METER | Result is XYZ: 45.176689 47.859796 52.372278, D50 Lab: 74.736413 -2.759382 -15.452590
19:11:03 METER | Place instrument on spot to be measured,
19:11:03 METER | and hit [A-Z] to read white and setup FWA compensation (keyed to letter)
19:11:03 METER | [a-z] to read and make FWA compensated reading from keyed reference
19:11:03 METER | 'r' to set reference, 's' to save spectrum,
19:11:03 METER | 'f' to report cal. refresh rate, 'F' to measure refresh rate
19:11:03 METER | 'h' to toggle high res., 'k' to do a calibration
19:11:03 METER | Hit ESC or Q to exit, any other key to take a reading:
19:11:03 POINT stage=detail_70_WB:GNB_trial level=70% Y=47.859796 xy=(0.31069,0.32914) noise_uv=0.000000 noise_Y=0.00%
19:11:03 TV > VWB:ISL070
19:11:03 TV < VWB:ISL
19:11:03 TV > VWB:SLG070
19:11:03 TV < VWB:SLG
19:11:03 TV > VWB:GNB000
19:11:03 TV < VWB:GNB
19:11:03 TV > QWB:GNB
19:11:03 TV < QWB:GNB000
19:11:03 PATCH  70% area=0.065 range=full \\.\DISPLAY2
19:11:05 MEASURE stage=detail_70_WB:GNB_restored level=70% read=1/1
19:11:08 METER | Result is XYZ: 45.123019 47.840627 52.716261, D50 Lab: 74.724297 -2.861007 -15.848994
19:11:08 METER | Place instrument on spot to be measured,
19:11:08 METER | and hit [A-Z] to read white and setup FWA compensation (keyed to letter)
19:11:08 METER | [a-z] to read and make FWA compensated reading from keyed reference
19:11:08 METER | 'r' to set reference, 's' to save spectrum,
19:11:08 METER | 'f' to report cal. refresh rate, 'F' to measure refresh rate
19:11:08 METER | 'h' to toggle high res., 'k' to do a calibration
19:11:08 METER | Hit ESC or Q to exit, any other key to take a reading:
19:11:08 POINT stage=detail_70_WB:GNB_restored level=70% Y=47.840627 xy=(0.30974,0.32840) noise_uv=0.000000 noise_Y=0.00%
19:11:08 PATCH  65% area=0.065 range=full \\.\DISPLAY2
19:11:10 MEASURE stage=detail_70_reference_1 level=65% read=1/1
19:11:12 METER | Result is XYZ: 40.695946 43.185490 46.807294, D50 Lab: 71.680686 -2.876729 -14.403321
19:11:12 METER | Place instrument on spot to be measured,
19:11:12 METER | and hit [A-Z] to read white and setup FWA compensation (keyed to letter)
19:11:12 METER | [a-z] to read and make FWA compensated reading from keyed reference
19:11:12 METER | 'r' to set reference, 's' to save spectrum,
19:11:12 METER | 'f' to report cal. refresh rate, 'F' to measure refresh rate
19:11:12 METER | 'h' to toggle high res., 'k' to do a calibration
19:11:12 METER | Hit ESC or Q to exit, any other key to take a reading:
19:11:12 POINT stage=detail_70_reference_1 level=65% Y=43.185490 xy=(0.31140,0.33045) noise_uv=0.000000 noise_Y=0.00%
19:11:13 PATCH  70% area=0.065 range=full \\.\DISPLAY2
19:11:15 MEASURE stage=detail_70_reference_1 level=70% read=1/1
19:11:17 METER | Result is XYZ: 44.928527 47.685959 52.255286, D50 Lab: 74.626421 -2.997665 -15.514138
19:11:17 METER | Place instrument on spot to be measured,
19:11:17 METER | and hit [A-Z] to read white and setup FWA compensation (keyed to letter)
19:11:17 METER | [a-z] to read and make FWA compensated reading from keyed reference
19:11:17 METER | 'r' to set reference, 's' to save spectrum,
19:11:17 METER | 'f' to report cal. refresh rate, 'F' to measure refresh rate
19:11:17 METER | 'h' to toggle high res., 'k' to do a calibration
19:11:17 METER | Hit ESC or Q to exit, any other key to take a reading:
19:11:17 POINT stage=detail_70_reference_1 level=70% Y=47.685959 xy=(0.31013,0.32916) noise_uv=0.000000 noise_Y=0.00%
19:11:17 PATCH  75% area=0.065 range=full \\.\DISPLAY2
19:11:19 MEASURE stage=detail_70_reference_1 level=75% read=1/1
19:11:22 METER | Result is XYZ: 54.459707 57.496931 62.653677, D50 Lab: 80.458287 -2.461919 -16.170730
19:11:22 METER | Place instrument on spot to be measured,
19:11:22 METER | and hit [A-Z] to read white and setup FWA compensation (keyed to letter)
19:11:22 METER | [a-z] to read and make FWA compensated reading from keyed reference
19:11:22 METER | 'r' to set reference, 's' to save spectrum,
19:11:22 METER | 'f' to report cal. refresh rate, 'F' to measure refresh rate
19:11:22 METER | 'h' to toggle high res., 'k' to do a calibration
19:11:22 METER | Hit ESC or Q to exit, any other key to take a reading:
19:11:22 POINT stage=detail_70_reference_1 level=75% Y=57.496931 xy=(0.31189,0.32929) noise_uv=0.000000 noise_Y=0.00%
19:11:22 TV > VWB:ISL070
19:11:22 TV < VWB:ISL
19:11:22 TV > VWB:SLG070
19:11:22 TV < VWB:SLG
19:11:22 TV > VWB:GNR-04
19:11:22 TV < VWB:GNR
19:11:22 TV > QWB:GNR
19:11:22 TV < QWB:GNR-04
19:11:22 TV > VWB:GNB004
19:11:22 TV < VWB:GNB
19:11:22 TV > QWB:GNB
19:11:22 TV < QWB:GNB+04
19:11:22 PATCH  65% area=0.065 range=full \\.\DISPLAY2
19:11:24 MEASURE stage=detail_70_candidate_1 level=65% read=1/1
19:11:26 METER | Result is XYZ: 40.951344 43.378159 48.528471, D50 Lab: 71.810887 -2.654986 -16.183964
19:11:26 METER | Place instrument on spot to be measured,
19:11:26 METER | and hit [A-Z] to read white and setup FWA compensation (keyed to letter)
19:11:26 METER | [a-z] to read and make FWA compensated reading from keyed reference
19:11:26 METER | 'r' to set reference, 's' to save spectrum,
19:11:26 METER | 'f' to report cal. refresh rate, 'F' to measure refresh rate
19:11:26 METER | 'h' to toggle high res., 'k' to do a calibration
19:11:26 METER | Hit ESC or Q to exit, any other key to take a reading:
19:11:26 POINT stage=detail_70_candidate_1 level=65% Y=43.378159 xy=(0.30823,0.32650) noise_uv=0.000000 noise_Y=0.00%
19:11:26 PATCH  70% area=0.065 range=full \\.\DISPLAY2
19:11:28 MEASURE stage=detail_70_candidate_1 level=70% read=1/1
19:11:31 METER | Result is XYZ: 45.134435 47.782745 53.131634, D50 Lab: 74.687693 -2.670496 -16.363383
19:11:31 METER | Place instrument on spot to be measured,
19:11:31 METER | and hit [A-Z] to read white and setup FWA compensation (keyed to letter)
19:11:31 METER | [a-z] to read and make FWA compensated reading from keyed reference
19:11:31 METER | 'r' to set reference, 's' to save spectrum,
19:11:31 METER | 'f' to report cal. refresh rate, 'F' to measure refresh rate
19:11:31 METER | 'h' to toggle high res., 'k' to do a calibration
19:11:31 METER | Hit ESC or Q to exit, any other key to take a reading:
19:11:31 POINT stage=detail_70_candidate_1 level=70% Y=47.782745 xy=(0.30904,0.32717) noise_uv=0.000000 noise_Y=0.00%
19:11:31 PATCH  75% area=0.065 range=full \\.\DISPLAY2
19:11:33 MEASURE stage=detail_70_candidate_1 level=75% read=1/1
19:11:35 METER | Result is XYZ: 54.565839 57.710023 63.040268, D50 Lab: 80.577302 -2.706605 -16.340076
19:11:35 METER | Place instrument on spot to be measured,
19:11:35 METER | and hit [A-Z] to read white and setup FWA compensation (keyed to letter)
19:11:35 METER | [a-z] to read and make FWA compensated reading from keyed reference
19:11:35 METER | 'r' to set reference, 's' to save spectrum,
19:11:35 METER | 'f' to report cal. refresh rate, 'F' to measure refresh rate
19:11:35 METER | 'h' to toggle high res., 'k' to do a calibration
19:11:35 METER | Hit ESC or Q to exit, any other key to take a reading:
19:11:35 POINT stage=detail_70_candidate_1 level=75% Y=57.710023 xy=(0.31124,0.32918) noise_uv=0.000000 noise_Y=0.00%
19:11:35 TV > VWB:ISL070
19:11:35 TV < VWB:ISL
19:11:35 TV > VWB:SLG070
19:11:35 TV < VWB:SLG
19:11:35 TV > VWB:GNR000
19:11:35 TV < VWB:GNR
19:11:35 TV > QWB:GNR
19:11:35 TV < QWB:GNR000
19:11:35 TV > VWB:GNB000
19:11:35 TV < VWB:GNB
19:11:35 TV > QWB:GNB
19:11:35 TV < QWB:GNB000
19:11:35 DECISION detail_70 iteration=1 RESTORE chroma=1.364->1.483 max=1.643->1.762
19:11:35 TV > VWB:ISL080
19:11:35 TV < VWB:ISL
19:11:35 TV > VWB:SLG080
19:11:35 TV < VWB:SLG
19:11:35 TV > QWB:GNR
19:11:35 TV < QWB:GNR000
19:11:35 TV > QWB:GNB
19:11:35 TV < QWB:GNB000
19:11:36 PATCH  75% area=0.065 range=full \\.\DISPLAY2
19:11:38 MEASURE stage=detail_80_before_1 level=75% read=1/1
19:11:40 METER | Result is XYZ: 54.239083 57.379296 63.258277, D50 Lab: 80.392459 -2.737056 -16.869312
19:11:40 METER | Place instrument on spot to be measured,
19:11:40 METER | and hit [A-Z] to read white and setup FWA compensation (keyed to letter)
19:11:40 METER | [a-z] to read and make FWA compensated reading from keyed reference
19:11:40 METER | 'r' to set reference, 's' to save spectrum,
19:11:40 METER | 'f' to report cal. refresh rate, 'F' to measure refresh rate
19:11:40 METER | 'h' to toggle high res., 'k' to do a calibration
19:11:40 METER | Hit ESC or Q to exit, any other key to take a reading:
19:11:40 POINT stage=detail_80_before_1 level=75% Y=57.379296 xy=(0.31016,0.32811) noise_uv=0.000000 noise_Y=0.00%
19:11:40 PATCH  80% area=0.065 range=full \\.\DISPLAY2
19:11:42 MEASURE stage=detail_80_before_1 level=80% read=1/1
19:11:45 METER | Result is XYZ: 64.077943 67.660023 74.013261, D50 Lab: 85.836165 -2.617336 -17.320212
19:11:45 METER | Place instrument on spot to be measured,
19:11:45 METER | and hit [A-Z] to read white and setup FWA compensation (keyed to letter)
19:11:45 METER | [a-z] to read and make FWA compensated reading from keyed reference
19:11:45 METER | 'r' to set reference, 's' to save spectrum,
19:11:45 METER | 'f' to report cal. refresh rate, 'F' to measure refresh rate
19:11:45 METER | 'h' to toggle high res., 'k' to do a calibration
19:11:45 METER | Hit ESC or Q to exit, any other key to take a reading:
19:11:45 POINT stage=detail_80_before_1 level=80% Y=67.660023 xy=(0.31143,0.32884) noise_uv=0.000000 noise_Y=0.00%
19:11:45 PATCH  85% area=0.065 range=full \\.\DISPLAY2
19:11:47 MEASURE stage=detail_80_before_1 level=85% read=1/1
19:11:49 METER | Result is XYZ: 72.417066 76.511776 84.260639, D50 Lab: 90.096425 -2.818859 -18.495565
19:11:49 METER | Place instrument on spot to be measured,
19:11:49 METER | and hit [A-Z] to read white and setup FWA compensation (keyed to letter)
19:11:49 METER | [a-z] to read and make FWA compensated reading from keyed reference
19:11:49 METER | 'r' to set reference, 's' to save spectrum,
19:11:49 METER | 'f' to report cal. refresh rate, 'F' to measure refresh rate
19:11:49 METER | 'h' to toggle high res., 'k' to do a calibration
19:11:49 METER | Hit ESC or Q to exit, any other key to take a reading:
19:11:49 POINT stage=detail_80_before_1 level=85% Y=76.511776 xy=(0.31055,0.32811) noise_uv=0.000000 noise_Y=0.00%
19:11:49 TV > VWB:ISL080
19:11:49 TV < VWB:ISL
19:11:49 TV > VWB:SLG080
19:11:49 TV < VWB:SLG
19:11:49 TV > VWB:GNR006
19:11:49 TV < VWB:GNR
19:11:49 TV > QWB:GNR
19:11:49 TV < QWB:GNR+06
19:11:49 PATCH  80% area=0.065 range=full \\.\DISPLAY2
19:11:51 MEASURE stage=detail_80_WB:GNR_trial level=80% read=1/1
19:11:54 METER | Result is XYZ: 64.266605 67.575789 73.649266, D50 Lab: 85.793887 -2.007298 -17.076361
19:11:54 METER | Place instrument on spot to be measured,
19:11:54 METER | and hit [A-Z] to read white and setup FWA compensation (keyed to letter)
19:11:54 METER | [a-z] to read and make FWA compensated reading from keyed reference
19:11:54 METER | 'r' to set reference, 's' to save spectrum,
19:11:54 METER | 'f' to report cal. refresh rate, 'F' to measure refresh rate
19:11:54 METER | 'h' to toggle high res., 'k' to do a calibration
19:11:54 METER | Hit ESC or Q to exit, any other key to take a reading:
19:11:54 POINT stage=detail_80_WB:GNR_trial level=80% Y=67.575789 xy=(0.31275,0.32885) noise_uv=0.000000 noise_Y=0.00%
19:11:54 TV > VWB:ISL080
19:11:54 TV < VWB:ISL
19:11:54 TV > VWB:SLG080
19:11:54 TV < VWB:SLG
19:11:54 TV > VWB:GNR000
19:11:54 TV < VWB:GNR
19:11:54 TV > QWB:GNR
19:11:54 TV < QWB:GNR000
19:11:54 PATCH  80% area=0.065 range=full \\.\DISPLAY2
19:11:56 MEASURE stage=detail_80_WB:GNR_restored level=80% read=1/1
19:11:58 METER | Result is XYZ: 64.103384 67.657667 73.967848, D50 Lab: 85.834983 -2.554503 -17.282790
19:11:58 METER | Place instrument on spot to be measured,
19:11:58 METER | and hit [A-Z] to read white and setup FWA compensation (keyed to letter)
19:11:58 METER | [a-z] to read and make FWA compensated reading from keyed reference
19:11:58 METER | 'r' to set reference, 's' to save spectrum,
19:11:58 METER | 'f' to report cal. refresh rate, 'F' to measure refresh rate
19:11:58 METER | 'h' to toggle high res., 'k' to do a calibration
19:11:58 METER | Hit ESC or Q to exit, any other key to take a reading:
19:11:58 POINT stage=detail_80_WB:GNR_restored level=80% Y=67.657667 xy=(0.31159,0.32887) noise_uv=0.000000 noise_Y=0.00%
19:11:58 TV > VWB:ISL080
19:11:58 TV < VWB:ISL
19:11:58 TV > VWB:SLG080
19:11:58 TV < VWB:SLG
19:11:58 TV > VWB:GNB006
19:11:58 TV < VWB:GNB
19:11:58 TV > QWB:GNB
19:11:58 TV < QWB:GNB+06
19:11:58 PATCH  80% area=0.065 range=full \\.\DISPLAY2
19:12:00 MEASURE stage=detail_80_WB:GNB_trial level=80% read=1/1
19:12:03 METER | Result is XYZ: 64.076914 67.244177 73.728214, D50 Lab: 85.627104 -1.718548 -17.432706
19:12:03 METER | Place instrument on spot to be measured,
19:12:03 METER | and hit [A-Z] to read white and setup FWA compensation (keyed to letter)
19:12:03 METER | [a-z] to read and make FWA compensated reading from keyed reference
19:12:03 METER | 'r' to set reference, 's' to save spectrum,
19:12:03 METER | 'f' to report cal. refresh rate, 'F' to measure refresh rate
19:12:03 METER | 'h' to toggle high res., 'k' to do a calibration
19:12:03 METER | Hit ESC or Q to exit, any other key to take a reading:
19:12:03 POINT stage=detail_80_WB:GNB_trial level=80% Y=67.244177 xy=(0.31250,0.32794) noise_uv=0.000000 noise_Y=0.00%
19:12:03 TV > VWB:ISL080
19:12:03 TV < VWB:ISL
19:12:03 TV > VWB:SLG080
19:12:03 TV < VWB:SLG
19:12:03 TV > VWB:GNB000
19:12:03 TV < VWB:GNB
19:12:03 TV > QWB:GNB
19:12:03 TV < QWB:GNB000
19:12:03 PATCH  80% area=0.065 range=full \\.\DISPLAY2
19:12:05 MEASURE stage=detail_80_WB:GNB_restored level=80% read=1/1
19:12:07 METER | Result is XYZ: 64.134540 67.635702 73.835998, D50 Lab: 85.823962 -2.436311 -17.187130
19:12:07 METER | Place instrument on spot to be measured,
19:12:07 METER | and hit [A-Z] to read white and setup FWA compensation (keyed to letter)
19:12:07 METER | [a-z] to read and make FWA compensated reading from keyed reference
19:12:07 METER | 'r' to set reference, 's' to save spectrum,
19:12:07 METER | 'f' to report cal. refresh rate, 'F' to measure refresh rate
19:12:07 METER | 'h' to toggle high res., 'k' to do a calibration
19:12:07 METER | Hit ESC or Q to exit, any other key to take a reading:
19:12:07 POINT stage=detail_80_WB:GNB_restored level=80% Y=67.635702 xy=(0.31193,0.32896) noise_uv=0.000000 noise_Y=0.00%
19:12:07 PATCH  75% area=0.065 range=full \\.\DISPLAY2
19:12:09 MEASURE stage=detail_80_reference_1 level=75% read=1/1
19:12:12 METER | Result is XYZ: 54.684239 57.815177 63.646396, D50 Lab: 80.635925 -2.660375 -16.823173
19:12:12 METER | Place instrument on spot to be measured,
19:12:12 METER | and hit [A-Z] to read white and setup FWA compensation (keyed to letter)
19:12:12 METER | [a-z] to read and make FWA compensated reading from keyed reference
19:12:12 METER | 'r' to set reference, 's' to save spectrum,
19:12:12 METER | 'f' to report cal. refresh rate, 'F' to measure refresh rate
19:12:12 METER | 'h' to toggle high res., 'k' to do a calibration
19:12:12 METER | Hit ESC or Q to exit, any other key to take a reading:
19:12:12 POINT stage=detail_80_reference_1 level=75% Y=57.815177 xy=(0.31045,0.32822) noise_uv=0.000000 noise_Y=0.00%
19:12:12 PATCH  80% area=0.065 range=full \\.\DISPLAY2
19:12:14 MEASURE stage=detail_80_reference_1 level=80% read=1/1
19:12:17 METER | Result is XYZ: 64.044203 67.545411 73.424561, D50 Lab: 85.778631 -2.445942 -16.906607
19:12:17 METER | Place instrument on spot to be measured,
19:12:17 METER | and hit [A-Z] to read white and setup FWA compensation (keyed to letter)
19:12:17 METER | [a-z] to read and make FWA compensated reading from keyed reference
19:12:17 METER | 'r' to set reference, 's' to save spectrum,
19:12:17 METER | 'f' to report cal. refresh rate, 'F' to measure refresh rate
19:12:17 METER | 'h' to toggle high res., 'k' to do a calibration
19:12:17 METER | Hit ESC or Q to exit, any other key to take a reading:
19:12:17 POINT stage=detail_80_reference_1 level=80% Y=67.545411 xy=(0.31239,0.32947) noise_uv=0.000000 noise_Y=0.00%
19:12:17 PATCH  85% area=0.065 range=full \\.\DISPLAY2
19:12:19 MEASURE stage=detail_80_reference_1 level=85% read=1/1
19:12:21 METER | Result is XYZ: 72.298410 76.348815 83.921186, D50 Lab: 90.021047 -2.742319 -18.354681
19:12:21 METER | Place instrument on spot to be measured,
19:12:21 METER | and hit [A-Z] to read white and setup FWA compensation (keyed to letter)
19:12:21 METER | [a-z] to read and make FWA compensated reading from keyed reference
19:12:21 METER | 'r' to set reference, 's' to save spectrum,
19:12:21 METER | 'f' to report cal. refresh rate, 'F' to measure refresh rate
19:12:21 METER | 'h' to toggle high res., 'k' to do a calibration
19:12:21 METER | Hit ESC or Q to exit, any other key to take a reading:
19:12:21 POINT stage=detail_80_reference_1 level=85% Y=76.348815 xy=(0.31087,0.32829) noise_uv=0.000000 noise_Y=0.00%
19:12:21 TV > VWB:ISL080
19:12:21 TV < VWB:ISL
19:12:21 TV > VWB:SLG080
19:12:21 TV < VWB:SLG
19:12:21 TV > VWB:GNR000
19:12:21 TV < VWB:GNR
19:12:21 TV > QWB:GNR
19:12:21 TV < QWB:GNR000
19:12:21 TV > VWB:GNB002
19:12:21 TV < VWB:GNB
19:12:21 TV > QWB:GNB
19:12:21 TV < QWB:GNB+02
19:12:21 PATCH  75% area=0.065 range=full \\.\DISPLAY2
19:12:23 MEASURE stage=detail_80_candidate_1 level=75% read=1/1
19:12:26 METER | Result is XYZ: 54.619445 57.801132 63.190643, D50 Lab: 80.628099 -2.790169 -16.397771
19:12:26 METER | Place instrument on spot to be measured,
19:12:26 METER | and hit [A-Z] to read white and setup FWA compensation (keyed to letter)
19:12:26 METER | [a-z] to read and make FWA compensated reading from keyed reference
19:12:26 METER | 'r' to set reference, 's' to save spectrum,
19:12:26 METER | 'f' to report cal. refresh rate, 'F' to measure refresh rate
19:12:26 METER | 'h' to toggle high res., 'k' to do a calibration
19:12:26 METER | Hit ESC or Q to exit, any other key to take a reading:
19:12:26 POINT stage=detail_80_candidate_1 level=75% Y=57.801132 xy=(0.31102,0.32914) noise_uv=0.000000 noise_Y=0.00%
19:12:26 PATCH  80% area=0.065 range=full \\.\DISPLAY2
19:12:28 MEASURE stage=detail_80_candidate_1 level=80% read=1/1
19:12:30 METER | Result is XYZ: 64.077216 67.428712 73.762261, D50 Lab: 85.719982 -2.118199 -17.302221
19:12:30 METER | Place instrument on spot to be measured,
19:12:30 METER | and hit [A-Z] to read white and setup FWA compensation (keyed to letter)
19:12:30 METER | [a-z] to read and make FWA compensated reading from keyed reference
19:12:30 METER | 'r' to set reference, 's' to save spectrum,
19:12:30 METER | 'f' to report cal. refresh rate, 'F' to measure refresh rate
19:12:30 METER | 'h' to toggle high res., 'k' to do a calibration
19:12:30 METER | Hit ESC or Q to exit, any other key to take a reading:
19:12:30 POINT stage=detail_80_candidate_1 level=80% Y=67.428712 xy=(0.31216,0.32849) noise_uv=0.000000 noise_Y=0.00%
19:12:30 PATCH  85% area=0.065 range=full \\.\DISPLAY2
19:12:32 MEASURE stage=detail_80_candidate_1 level=85% read=1/1
19:12:35 METER | Result is XYZ: 72.083520 75.881251 83.643450, D50 Lab: 89.804178 -2.258028 -18.506448
19:12:35 METER | Place instrument on spot to be measured,
19:12:35 METER | and hit [A-Z] to read white and setup FWA compensation (keyed to letter)
19:12:35 METER | [a-z] to read and make FWA compensated reading from keyed reference
19:12:35 METER | 'r' to set reference, 's' to save spectrum,
19:12:35 METER | 'f' to report cal. refresh rate, 'F' to measure refresh rate
19:12:35 METER | 'h' to toggle high res., 'k' to do a calibration
19:12:35 METER | Hit ESC or Q to exit, any other key to take a reading:
19:12:35 POINT stage=detail_80_candidate_1 level=85% Y=75.881251 xy=(0.31123,0.32763) noise_uv=0.000000 noise_Y=0.00%
19:12:35 DECISION detail_80 iteration=1 ACCEPT chroma=0.912->0.809 max=1.126->1.173
19:12:35 TV > VWB:ISL080
19:12:35 TV < VWB:ISL
19:12:35 TV > VWB:SLG080
19:12:35 TV < VWB:SLG
19:12:35 TV > QWB:GNR
19:12:35 TV < QWB:GNR000
19:12:35 TV > QWB:GNB
19:12:35 TV < QWB:GNB+02
19:12:35 PATCH  75% area=0.065 range=full \\.\DISPLAY2
19:12:37 MEASURE stage=detail_80_before_2 level=75% read=1/1
19:12:39 METER | Result is XYZ: 54.176177 57.235607 62.869794, D50 Lab: 80.311930 -2.549578 -16.632641
19:12:39 METER | Place instrument on spot to be measured,
19:12:39 METER | and hit [A-Z] to read white and setup FWA compensation (keyed to letter)
19:12:39 METER | [a-z] to read and make FWA compensated reading from keyed reference
19:12:39 METER | 'r' to set reference, 's' to save spectrum,
19:12:39 METER | 'f' to report cal. refresh rate, 'F' to measure refresh rate
19:12:39 METER | 'h' to toggle high res., 'k' to do a calibration
19:12:39 METER | Hit ESC or Q to exit, any other key to take a reading:
19:12:39 POINT stage=detail_80_before_2 level=75% Y=57.235607 xy=(0.31085,0.32841) noise_uv=0.000000 noise_Y=0.00%
19:12:39 PATCH  80% area=0.065 range=full \\.\DISPLAY2
19:12:41 MEASURE stage=detail_80_before_2 level=80% read=1/1
19:12:44 METER | Result is XYZ: 63.766546 67.097998 72.920895, D50 Lab: 85.553410 -2.106518 -16.854008
19:12:44 METER | Place instrument on spot to be measured,
19:12:44 METER | and hit [A-Z] to read white and setup FWA compensation (keyed to letter)
19:12:44 METER | [a-z] to read and make FWA compensated reading from keyed reference
19:12:44 METER | 'r' to set reference, 's' to save spectrum,
19:12:44 METER | 'f' to report cal. refresh rate, 'F' to measure refresh rate
19:12:44 METER | 'h' to toggle high res., 'k' to do a calibration
19:12:44 METER | Hit ESC or Q to exit, any other key to take a reading:
19:12:44 POINT stage=detail_80_before_2 level=80% Y=67.097998 xy=(0.31291,0.32926) noise_uv=0.000000 noise_Y=0.00%
19:12:44 PATCH  85% area=0.065 range=full \\.\DISPLAY2
19:12:46 MEASURE stage=detail_80_before_2 level=85% read=1/1
19:12:49 METER | Result is XYZ: 72.255977 76.089655 84.310190, D50 Lab: 89.900951 -2.313548 -18.872064
19:12:49 METER | Place instrument on spot to be measured,
19:12:49 METER | and hit [A-Z] to read white and setup FWA compensation (keyed to letter)
19:12:49 METER | [a-z] to read and make FWA compensated reading from keyed reference
19:12:49 METER | 'r' to set reference, 's' to save spectrum,
19:12:49 METER | 'f' to report cal. refresh rate, 'F' to measure refresh rate
19:12:49 METER | 'h' to toggle high res., 'k' to do a calibration
19:12:49 METER | Hit ESC or Q to exit, any other key to take a reading:
19:12:49 POINT stage=detail_80_before_2 level=85% Y=76.089655 xy=(0.31057,0.32705) noise_uv=0.000000 noise_Y=0.00%
19:12:49 TV > VWB:ISL080
19:12:49 TV < VWB:ISL
19:12:49 TV > VWB:SLG080
19:12:49 TV < VWB:SLG
19:12:49 TV > VWB:GNR006
19:12:49 TV < VWB:GNR
19:12:49 TV > QWB:GNR
19:12:49 TV < QWB:GNR+06
19:12:49 PATCH  80% area=0.065 range=full \\.\DISPLAY2
19:12:51 MEASURE stage=detail_80_WB:GNR_trial level=80% read=1/1
19:12:53 METER | Result is XYZ: 64.021571 67.454792 73.771222, D50 Lab: 85.733095 -2.301061 -17.287415
19:12:53 METER | Place instrument on spot to be measured,
19:12:53 METER | and hit [A-Z] to read white and setup FWA compensation (keyed to letter)
19:12:53 METER | [a-z] to read and make FWA compensated reading from keyed reference
19:12:53 METER | 'r' to set reference, 's' to save spectrum,
19:12:53 METER | 'f' to report cal. refresh rate, 'F' to measure refresh rate
19:12:53 METER | 'h' to toggle high res., 'k' to do a calibration
19:12:53 METER | Hit ESC or Q to exit, any other key to take a reading:
19:12:53 POINT stage=detail_80_WB:GNR_trial level=80% Y=67.454792 xy=(0.31192,0.32865) noise_uv=0.000000 noise_Y=0.00%
19:12:53 TV > VWB:ISL080
19:12:53 TV < VWB:ISL
19:12:53 TV > VWB:SLG080
19:12:53 TV < VWB:SLG
19:12:53 TV > VWB:GNR000
19:12:53 TV < VWB:GNR
19:12:53 TV > QWB:GNR
19:12:53 TV < QWB:GNR000
19:12:53 PATCH  80% area=0.065 range=full \\.\DISPLAY2
19:12:55 MEASURE stage=detail_80_WB:GNR_restored level=80% read=1/1
19:12:58 METER | Result is XYZ: 63.849548 67.121845 73.217429, D50 Lab: 85.565439 -1.969442 -17.093100
19:12:58 METER | Place instrument on spot to be measured,
19:12:58 METER | and hit [A-Z] to read white and setup FWA compensation (keyed to letter)
19:12:58 METER | [a-z] to read and make FWA compensated reading from keyed reference
19:12:58 METER | 'r' to set reference, 's' to save spectrum,
19:12:58 METER | 'f' to report cal. refresh rate, 'F' to measure refresh rate
19:12:58 METER | 'h' to toggle high res., 'k' to do a calibration
19:12:58 METER | Hit ESC or Q to exit, any other key to take a reading:
19:12:58 POINT stage=detail_80_WB:GNR_restored level=80% Y=67.121845 xy=(0.31270,0.32872) noise_uv=0.000000 noise_Y=0.00%
19:12:58 TV > VWB:ISL080
19:12:58 TV < VWB:ISL
19:12:58 TV > VWB:SLG080
19:12:58 TV < VWB:SLG
19:12:58 TV > VWB:GNB008
19:12:58 TV < VWB:GNB
19:12:58 TV > QWB:GNB
19:12:58 TV < QWB:GNB+08
19:12:58 PATCH  80% area=0.065 range=full \\.\DISPLAY2
19:13:00 MEASURE stage=detail_80_WB:GNB_trial level=80% read=1/1
19:13:02 METER | Result is XYZ: 63.973607 67.316950 74.515351, D50 Lab: 85.663752 -2.111126 -18.052691
19:13:02 METER | Place instrument on spot to be measured,
19:13:02 METER | and hit [A-Z] to read white and setup FWA compensation (keyed to letter)
19:13:02 METER | [a-z] to read and make FWA compensated reading from keyed reference
19:13:02 METER | 'r' to set reference, 's' to save spectrum,
19:13:02 METER | 'f' to report cal. refresh rate, 'F' to measure refresh rate
19:13:02 METER | 'h' to toggle high res., 'k' to do a calibration
19:13:02 METER | Hit ESC or Q to exit, any other key to take a reading:
19:13:02 POINT stage=detail_80_WB:GNB_trial level=80% Y=67.316950 xy=(0.31084,0.32709) noise_uv=0.000000 noise_Y=0.00%
19:13:02 TV > VWB:ISL080
19:13:02 TV < VWB:ISL
19:13:02 TV > VWB:SLG080
19:13:02 TV < VWB:SLG
19:13:02 TV > VWB:GNB002
19:13:02 TV < VWB:GNB
19:13:02 TV > QWB:GNB
19:13:02 TV < QWB:GNB+02
19:13:02 PATCH  80% area=0.065 range=full \\.\DISPLAY2
19:13:04 MEASURE stage=detail_80_WB:GNB_restored level=80% read=1/1
19:13:07 METER | Result is XYZ: 63.747482 67.157378 73.178806, D50 Lab: 85.583358 -2.279027 -17.028401
19:13:07 METER | Place instrument on spot to be measured,
19:13:07 METER | and hit [A-Z] to read white and setup FWA compensation (keyed to letter)
19:13:07 METER | [a-z] to read and make FWA compensated reading from keyed reference
19:13:07 METER | 'r' to set reference, 's' to save spectrum,
19:13:07 METER | 'f' to report cal. refresh rate, 'F' to measure refresh rate
19:13:07 METER | 'h' to toggle high res., 'k' to do a calibration
19:13:07 METER | Hit ESC or Q to exit, any other key to take a reading:
19:13:07 POINT stage=detail_80_WB:GNB_restored level=80% Y=67.157378 xy=(0.31236,0.32907) noise_uv=0.000000 noise_Y=0.00%
19:13:07 PATCH  75% area=0.065 range=full \\.\DISPLAY2
19:13:09 MEASURE stage=detail_80_reference_2 level=75% read=1/1
19:13:11 METER | Result is XYZ: 54.224415 57.320463 63.104038, D50 Lab: 80.359503 -2.632216 -16.777228
19:13:11 METER | Place instrument on spot to be measured,
19:13:11 METER | and hit [A-Z] to read white and setup FWA compensation (keyed to letter)
19:13:11 METER | [a-z] to read and make FWA compensated reading from keyed reference
19:13:11 METER | 'r' to set reference, 's' to save spectrum,
19:13:11 METER | 'f' to report cal. refresh rate, 'F' to measure refresh rate
19:13:11 METER | 'h' to toggle high res., 'k' to do a calibration
19:13:11 METER | Hit ESC or Q to exit, any other key to take a reading:
19:13:11 POINT stage=detail_80_reference_2 level=75% Y=57.320463 xy=(0.31048,0.32820) noise_uv=0.000000 noise_Y=0.00%
19:13:12 PATCH  80% area=0.065 range=full \\.\DISPLAY2
19:13:14 MEASURE stage=detail_80_reference_2 level=80% read=1/1
19:13:16 METER | Result is XYZ: 63.741296 67.082224 74.215199, D50 Lab: 85.545451 -2.129723 -17.996720
19:13:16 METER | Place instrument on spot to be measured,
19:13:16 METER | and hit [A-Z] to read white and setup FWA compensation (keyed to letter)
19:13:16 METER | [a-z] to read and make FWA compensated reading from keyed reference
19:13:16 METER | 'r' to set reference, 's' to save spectrum,
19:13:16 METER | 'f' to report cal. refresh rate, 'F' to measure refresh rate
19:13:16 METER | 'h' to toggle high res., 'k' to do a calibration
19:13:16 METER | Hit ESC or Q to exit, any other key to take a reading:
19:13:16 POINT stage=detail_80_reference_2 level=80% Y=67.082224 xy=(0.31087,0.32717) noise_uv=0.000000 noise_Y=0.00%
19:13:16 PATCH  85% area=0.065 range=full \\.\DISPLAY2
19:13:18 MEASURE stage=detail_80_reference_2 level=85% read=1/1
19:13:21 METER | Result is XYZ: 71.864168 76.047818 83.148946, D50 Lab: 89.881538 -3.052249 -17.976321
19:13:21 METER | Place instrument on spot to be measured,
19:13:21 METER | and hit [A-Z] to read white and setup FWA compensation (keyed to letter)
19:13:21 METER | [a-z] to read and make FWA compensated reading from keyed reference
19:13:21 METER | 'r' to set reference, 's' to save spectrum,
19:13:21 METER | 'f' to report cal. refresh rate, 'F' to measure refresh rate
19:13:21 METER | 'h' to toggle high res., 'k' to do a calibration
19:13:21 METER | Hit ESC or Q to exit, any other key to take a reading:
19:13:21 POINT stage=detail_80_reference_2 level=85% Y=76.047818 xy=(0.31102,0.32912) noise_uv=0.000000 noise_Y=0.00%
19:13:21 TV > VWB:ISL080
19:13:21 TV < VWB:ISL
19:13:21 TV > VWB:SLG080
19:13:21 TV < VWB:SLG
19:13:21 TV > VWB:GNR-01
19:13:21 TV < VWB:GNR
19:13:21 TV > QWB:GNR
19:13:21 TV < QWB:GNR-01
19:13:21 TV > VWB:GNB-02
19:13:21 TV < VWB:GNB
19:13:21 TV > QWB:GNB
19:13:21 TV < QWB:GNB-02
19:13:21 PATCH  75% area=0.065 range=full \\.\DISPLAY2
19:13:23 MEASURE stage=detail_80_candidate_2 level=75% read=1/1
19:13:25 METER | Result is XYZ: 54.533168 57.804674 62.550590, D50 Lab: 80.630073 -3.016624 -15.774413
19:13:25 METER | Place instrument on spot to be measured,
19:13:25 METER | and hit [A-Z] to read white and setup FWA compensation (keyed to letter)
19:13:25 METER | [a-z] to read and make FWA compensated reading from keyed reference
19:13:25 METER | 'r' to set reference, 's' to save spectrum,
19:13:25 METER | 'f' to report cal. refresh rate, 'F' to measure refresh rate
19:13:25 METER | 'h' to toggle high res., 'k' to do a calibration
19:13:25 METER | Hit ESC or Q to exit, any other key to take a reading:
19:13:25 POINT stage=detail_80_candidate_2 level=75% Y=57.804674 xy=(0.31182,0.33052) noise_uv=0.000000 noise_Y=0.00%
19:13:25 PATCH  80% area=0.065 range=full \\.\DISPLAY2
19:13:27 MEASURE stage=detail_80_candidate_2 level=80% read=1/1
19:13:30 METER | Result is XYZ: 63.546122 67.083252 72.455350, D50 Lab: 85.545970 -2.576976 -16.457486
19:13:30 METER | Place instrument on spot to be measured,
19:13:30 METER | and hit [A-Z] to read white and setup FWA compensation (keyed to letter)
19:13:30 METER | [a-z] to read and make FWA compensated reading from keyed reference
19:13:30 METER | 'r' to set reference, 's' to save spectrum,
19:13:30 METER | 'f' to report cal. refresh rate, 'F' to measure refresh rate
19:13:30 METER | 'h' to toggle high res., 'k' to do a calibration
19:13:30 METER | Hit ESC or Q to exit, any other key to take a reading:
19:13:30 POINT stage=detail_80_candidate_2 level=80% Y=67.083252 xy=(0.31290,0.33032) noise_uv=0.000000 noise_Y=0.00%
19:13:30 PATCH  85% area=0.065 range=full \\.\DISPLAY2
19:13:32 MEASURE stage=detail_80_candidate_2 level=85% read=1/1
19:13:34 METER | Result is XYZ: 71.809273 76.002409 83.248656, D50 Lab: 89.860460 -3.076854 -18.092788
19:13:34 METER | Place instrument on spot to be measured,
19:13:34 METER | and hit [A-Z] to read white and setup FWA compensation (keyed to letter)
19:13:34 METER | [a-z] to read and make FWA compensated reading from keyed reference
19:13:34 METER | 'r' to set reference, 's' to save spectrum,
19:13:34 METER | 'f' to report cal. refresh rate, 'F' to measure refresh rate
19:13:34 METER | 'h' to toggle high res., 'k' to do a calibration
19:13:34 METER | Hit ESC or Q to exit, any other key to take a reading:
19:13:34 POINT stage=detail_80_candidate_2 level=85% Y=76.002409 xy=(0.31078,0.32893) noise_uv=0.000000 noise_Y=0.00%
19:13:34 TV > VWB:ISL080
19:13:34 TV < VWB:ISL
19:13:34 TV > VWB:SLG080
19:13:34 TV < VWB:SLG
19:13:34 TV > VWB:GNR000
19:13:34 TV < VWB:GNR
19:13:34 TV > QWB:GNR
19:13:34 TV < QWB:GNR000
19:13:34 TV > VWB:GNB002
19:13:34 TV < VWB:GNB
19:13:34 TV > QWB:GNB
19:13:34 TV < QWB:GNB+02
19:13:34 DECISION detail_80 iteration=2 RESTORE chroma=1.099->1.260 max=1.276->1.508
19:13:34 TV > VWB:ISL090
19:13:34 TV < VWB:ISL
19:13:34 TV > VWB:SLG090
19:13:34 TV < VWB:SLG
19:13:34 TV > QWB:GNR
19:13:34 TV < QWB:GNR000
19:13:34 TV > QWB:GNB
19:13:34 TV < QWB:GNB000
19:13:34 PATCH  85% area=0.065 range=full \\.\DISPLAY2
19:13:36 MEASURE stage=detail_90_before_1 level=85% read=1/1
19:13:39 METER | Result is XYZ: 71.724302 75.652204 82.994057, D50 Lab: 89.697614 -2.553765 -18.168838
19:13:39 METER | Place instrument on spot to be measured,
19:13:39 METER | and hit [A-Z] to read white and setup FWA compensation (keyed to letter)
19:13:39 METER | [a-z] to read and make FWA compensated reading from keyed reference
19:13:39 METER | 'r' to set reference, 's' to save spectrum,
19:13:39 METER | 'f' to report cal. refresh rate, 'F' to measure refresh rate
19:13:39 METER | 'h' to toggle high res., 'k' to do a calibration
19:13:39 METER | Hit ESC or Q to exit, any other key to take a reading:
19:13:39 POINT stage=detail_90_before_1 level=85% Y=75.652204 xy=(0.31134,0.32839) noise_uv=0.000000 noise_Y=0.00%
19:13:39 PATCH  90% area=0.065 range=full \\.\DISPLAY2
19:13:41 MEASURE stage=detail_90_before_1 level=90% read=1/1
19:13:44 METER | Result is XYZ: 82.753907 87.389167 95.378761, D50 Lab: 94.903143 -2.866969 -18.703827
19:13:44 METER | Place instrument on spot to be measured,
19:13:44 METER | and hit [A-Z] to read white and setup FWA compensation (keyed to letter)
19:13:44 METER | [a-z] to read and make FWA compensated reading from keyed reference
19:13:44 METER | 'r' to set reference, 's' to save spectrum,
19:13:44 METER | 'f' to report cal. refresh rate, 'F' to measure refresh rate
19:13:44 METER | 'h' to toggle high res., 'k' to do a calibration
19:13:44 METER | Hit ESC or Q to exit, any other key to take a reading:
19:13:44 POINT stage=detail_90_before_1 level=90% Y=87.389167 xy=(0.31167,0.32912) noise_uv=0.000000 noise_Y=0.00%
19:13:44 PATCH  95% area=0.065 range=full \\.\DISPLAY2
19:13:46 MEASURE stage=detail_90_before_1 level=95% read=1/1
19:13:48 METER | Result is XYZ: 93.999240 98.555081 107.937323, D50 Lab: 99.438585 -1.800519 -19.720189
19:13:48 METER | Place instrument on spot to be measured,
19:13:48 METER | and hit [A-Z] to read white and setup FWA compensation (keyed to letter)
19:13:48 METER | [a-z] to read and make FWA compensated reading from keyed reference
19:13:48 METER | 'r' to set reference, 's' to save spectrum,
19:13:48 METER | 'f' to report cal. refresh rate, 'F' to measure refresh rate
19:13:48 METER | 'h' to toggle high res., 'k' to do a calibration
19:13:48 METER | Hit ESC or Q to exit, any other key to take a reading:
19:13:48 POINT stage=detail_90_before_1 level=95% Y=98.555081 xy=(0.31282,0.32798) noise_uv=0.000000 noise_Y=0.00%
19:13:48 TV > VWB:ISL090
19:13:48 TV < VWB:ISL
19:13:48 TV > VWB:SLG090
19:13:48 TV < VWB:SLG
19:13:48 TV > VWB:GNR006
19:13:48 TV < VWB:GNR
19:13:48 TV > QWB:GNR
19:13:48 TV < QWB:GNR+06
19:13:48 PATCH  90% area=0.065 range=full \\.\DISPLAY2
19:13:50 MEASURE stage=detail_90_WB:GNR_trial level=90% read=1/1
19:13:53 METER | Result is XYZ: 83.006612 87.655425 95.329789, D50 Lab: 95.015663 -2.868790 -18.473896
19:13:53 METER | Place instrument on spot to be measured,
19:13:53 METER | and hit [A-Z] to read white and setup FWA compensation (keyed to letter)
19:13:53 METER | [a-z] to read and make FWA compensated reading from keyed reference
19:13:53 METER | 'r' to set reference, 's' to save spectrum,
19:13:53 METER | 'f' to report cal. refresh rate, 'F' to measure refresh rate
19:13:53 METER | 'h' to toggle high res., 'k' to do a calibration
19:13:53 METER | Hit ESC or Q to exit, any other key to take a reading:
19:13:53 POINT stage=detail_90_WB:GNR_trial level=90% Y=87.655425 xy=(0.31206,0.32954) noise_uv=0.000000 noise_Y=0.00%
19:13:53 TV > VWB:ISL090
19:13:53 TV < VWB:ISL
19:13:53 TV > VWB:SLG090
19:13:53 TV < VWB:SLG
19:13:53 TV > VWB:GNR000
19:13:53 TV < VWB:GNR
19:13:53 TV > QWB:GNR
19:13:53 TV < QWB:GNR000
19:13:53 PATCH  90% area=0.065 range=full \\.\DISPLAY2
19:13:55 MEASURE stage=detail_90_WB:GNR_restored level=90% read=1/1
19:13:57 METER | Result is XYZ: 82.631528 87.128188 95.028265, D50 Lab: 94.792633 -2.624975 -18.636915
19:13:57 METER | Place instrument on spot to be measured,
19:13:57 METER | and hit [A-Z] to read white and setup FWA compensation (keyed to letter)
19:13:57 METER | [a-z] to read and make FWA compensated reading from keyed reference
19:13:57 METER | 'r' to set reference, 's' to save spectrum,
19:13:57 METER | 'f' to report cal. refresh rate, 'F' to measure refresh rate
19:13:57 METER | 'h' to toggle high res., 'k' to do a calibration
19:13:57 METER | Hit ESC or Q to exit, any other key to take a reading:
19:13:57 POINT stage=detail_90_WB:GNR_restored level=90% Y=87.128188 xy=(0.31207,0.32905) noise_uv=0.000000 noise_Y=0.00%
19:13:57 TV > VWB:ISL090
19:13:57 TV < VWB:ISL
19:13:57 TV > VWB:SLG090
19:13:57 TV < VWB:SLG
19:13:57 TV > VWB:GNB006
19:13:57 TV < VWB:GNB
19:13:57 TV > QWB:GNB
19:13:57 TV < QWB:GNB+06
19:13:57 PATCH  90% area=0.065 range=full \\.\DISPLAY2
19:13:59 MEASURE stage=detail_90_WB:GNB_trial level=90% read=1/1
19:14:02 METER | Result is XYZ: 82.603062 87.081767 95.207951, D50 Lab: 94.772953 -2.594692 -18.802909
19:14:02 METER | Place instrument on spot to be measured,
19:14:02 METER | and hit [A-Z] to read white and setup FWA compensation (keyed to letter)
19:14:02 METER | [a-z] to read and make FWA compensated reading from keyed reference
19:14:02 METER | 'r' to set reference, 's' to save spectrum,
19:14:02 METER | 'f' to report cal. refresh rate, 'F' to measure refresh rate
19:14:02 METER | 'h' to toggle high res., 'k' to do a calibration
19:14:02 METER | Hit ESC or Q to exit, any other key to take a reading:
19:14:02 POINT stage=detail_90_WB:GNB_trial level=90% Y=87.081767 xy=(0.31184,0.32874) noise_uv=0.000000 noise_Y=0.00%
19:14:02 TV > VWB:ISL090
19:14:02 TV < VWB:ISL
19:14:02 TV > VWB:SLG090
19:14:02 TV < VWB:SLG
19:14:02 TV > VWB:GNB000
19:14:02 TV < VWB:GNB
19:14:02 TV > QWB:GNB
19:14:02 TV < QWB:GNB000
19:14:02 PATCH  90% area=0.065 range=full \\.\DISPLAY2
19:14:04 MEASURE stage=detail_90_WB:GNB_restored level=90% read=1/1
19:14:06 METER | Result is XYZ: 82.658352 87.083983 95.225798, D50 Lab: 94.773893 -2.492815 -18.814397
19:14:06 METER | Place instrument on spot to be measured,
19:14:06 METER | and hit [A-Z] to read white and setup FWA compensation (keyed to letter)
19:14:06 METER | [a-z] to read and make FWA compensated reading from keyed reference
19:14:06 METER | 'r' to set reference, 's' to save spectrum,
19:14:06 METER | 'f' to report cal. refresh rate, 'F' to measure refresh rate
19:14:06 METER | 'h' to toggle high res., 'k' to do a calibration
19:14:06 METER | Hit ESC or Q to exit, any other key to take a reading:
19:14:06 POINT stage=detail_90_WB:GNB_restored level=90% Y=87.083983 xy=(0.31196,0.32866) noise_uv=0.000000 noise_Y=0.00%
19:14:06 PATCH  85% area=0.065 range=full \\.\DISPLAY2
19:14:08 MEASURE stage=detail_90_reference_1 level=85% read=1/1
19:14:11 METER | Result is XYZ: 71.500391 75.364802 82.721610, D50 Lab: 89.563596 -2.448030 -18.180371
19:14:11 METER | Place instrument on spot to be measured,
19:14:11 METER | and hit [A-Z] to read white and setup FWA compensation (keyed to letter)
19:14:11 METER | [a-z] to read and make FWA compensated reading from keyed reference
19:14:11 METER | 'r' to set reference, 's' to save spectrum,
19:14:11 METER | 'f' to report cal. refresh rate, 'F' to measure refresh rate
19:14:11 METER | 'h' to toggle high res., 'k' to do a calibration
19:14:11 METER | Hit ESC or Q to exit, any other key to take a reading:
19:14:11 POINT stage=detail_90_reference_1 level=85% Y=75.364802 xy=(0.31143,0.32826) noise_uv=0.000000 noise_Y=0.00%
19:14:11 PATCH  90% area=0.065 range=full \\.\DISPLAY2
19:14:13 MEASURE stage=detail_90_reference_1 level=90% read=1/1
19:14:16 METER | Result is XYZ: 82.544583 87.147160 95.012728, D50 Lab: 94.800674 -2.826269 -18.611624
19:14:16 METER | Place instrument on spot to be measured,
19:14:16 METER | and hit [A-Z] to read white and setup FWA compensation (keyed to letter)
19:14:16 METER | [a-z] to read and make FWA compensated reading from keyed reference
19:14:16 METER | 'r' to set reference, 's' to save spectrum,
19:14:16 METER | 'f' to report cal. refresh rate, 'F' to measure refresh rate
19:14:16 METER | 'h' to toggle high res., 'k' to do a calibration
19:14:16 METER | Hit ESC or Q to exit, any other key to take a reading:
19:14:16 POINT stage=detail_90_reference_1 level=90% Y=87.147160 xy=(0.31184,0.32922) noise_uv=0.000000 noise_Y=0.00%
19:14:16 PATCH  95% area=0.065 range=full \\.\DISPLAY2
19:14:18 MEASURE stage=detail_90_reference_1 level=95% read=1/1
19:14:20 METER | Result is XYZ: 93.479173 98.191400 107.452440, D50 Lab: 99.296416 -2.103741 -19.637253
19:14:20 METER | Place instrument on spot to be measured,
19:14:20 METER | and hit [A-Z] to read white and setup FWA compensation (keyed to letter)
19:14:20 METER | [a-z] to read and make FWA compensated reading from keyed reference
19:14:20 METER | 'r' to set reference, 's' to save spectrum,
19:14:20 METER | 'f' to report cal. refresh rate, 'F' to measure refresh rate
19:14:20 METER | 'h' to toggle high res., 'k' to do a calibration
19:14:20 METER | Hit ESC or Q to exit, any other key to take a reading:
19:14:20 POINT stage=detail_90_reference_1 level=95% Y=98.191400 xy=(0.31251,0.32826) noise_uv=0.000000 noise_Y=0.00%
19:14:20 TV > VWB:ISL090
19:14:20 TV < VWB:ISL
19:14:20 TV > VWB:SLG090
19:14:20 TV < VWB:SLG
19:14:20 TV > VWB:GNR-04
19:14:20 TV < VWB:GNR
19:14:20 TV > QWB:GNR
19:14:20 TV < QWB:GNR-04
19:14:20 TV > VWB:GNB-04
19:14:20 TV < VWB:GNB
19:14:20 TV > QWB:GNB
19:14:20 TV < QWB:GNB-04
19:14:20 PATCH  85% area=0.065 range=full \\.\DISPLAY2
19:14:22 MEASURE stage=detail_90_candidate_1 level=85% read=1/1
19:14:25 METER | Result is XYZ: 71.524804 75.870422 82.283724, D50 Lab: 89.799144 -3.411821 -17.420400
19:14:25 METER | Place instrument on spot to be measured,
19:14:25 METER | and hit [A-Z] to read white and setup FWA compensation (keyed to letter)
19:14:25 METER | [a-z] to read and make FWA compensated reading from keyed reference
19:14:25 METER | 'r' to set reference, 's' to save spectrum,
19:14:25 METER | 'f' to report cal. refresh rate, 'F' to measure refresh rate
19:14:25 METER | 'h' to toggle high res., 'k' to do a calibration
19:14:25 METER | Hit ESC or Q to exit, any other key to take a reading:
19:14:25 POINT stage=detail_90_candidate_1 level=85% Y=75.870422 xy=(0.31141,0.33033) noise_uv=0.000000 noise_Y=0.00%
19:14:25 PATCH  90% area=0.065 range=full \\.\DISPLAY2
19:14:27 MEASURE stage=detail_90_candidate_1 level=90% read=1/1
19:14:29 METER | Result is XYZ: 82.832422 87.560131 95.395873, D50 Lab: 94.975418 -3.028273 -18.591769
19:14:29 METER | Place instrument on spot to be measured,
19:14:29 METER | and hit [A-Z] to read white and setup FWA compensation (keyed to letter)
19:14:29 METER | [a-z] to read and make FWA compensated reading from keyed reference
19:14:29 METER | 'r' to set reference, 's' to save spectrum,
19:14:29 METER | 'f' to report cal. refresh rate, 'F' to measure refresh rate
19:14:29 METER | 'h' to toggle high res., 'k' to do a calibration
19:14:29 METER | Hit ESC or Q to exit, any other key to take a reading:
19:14:29 POINT stage=detail_90_candidate_1 level=90% Y=87.560131 xy=(0.31165,0.32944) noise_uv=0.000000 noise_Y=0.00%
19:14:29 PATCH  95% area=0.065 range=full \\.\DISPLAY2
19:14:31 MEASURE stage=detail_90_candidate_1 level=95% read=1/1
19:14:34 METER | Result is XYZ: 93.512478 98.320658 107.209912, D50 Lab: 99.346985 -2.262948 -19.385608
19:14:34 METER | Place instrument on spot to be measured,
19:14:34 METER | and hit [A-Z] to read white and setup FWA compensation (keyed to letter)
19:14:34 METER | [a-z] to read and make FWA compensated reading from keyed reference
19:14:34 METER | 'r' to set reference, 's' to save spectrum,
19:14:34 METER | 'f' to report cal. refresh rate, 'F' to measure refresh rate
19:14:34 METER | 'h' to toggle high res., 'k' to do a calibration
19:14:34 METER | Hit ESC or Q to exit, any other key to take a reading:
19:14:34 POINT stage=detail_90_candidate_1 level=95% Y=98.320658 xy=(0.31271,0.32878) noise_uv=0.000000 noise_Y=0.00%
19:14:34 TV > VWB:ISL090
19:14:34 TV < VWB:ISL
19:14:34 TV > VWB:SLG090
19:14:34 TV < VWB:SLG
19:14:34 TV > VWB:GNR000
19:14:34 TV < VWB:GNR
19:14:34 TV > QWB:GNR
19:14:34 TV < QWB:GNR000
19:14:34 TV > VWB:GNB000
19:14:34 TV < VWB:GNB
19:14:34 TV > QWB:GNB
19:14:34 TV < QWB:GNB000
19:14:34 DECISION detail_90 iteration=1 RESTORE chroma=0.648->1.201 max=0.796->1.771
19:14:34 TV > VWB:ISL100
19:14:34 TV < VWB:ISL
19:14:34 TV > VWB:SLG100
19:14:34 TV < VWB:SLG
19:14:34 TV > QWB:GNR
19:14:34 TV < QWB:GNR000
19:14:34 TV > QWB:GNB
19:14:34 TV < QWB:GNB000
19:14:34 PATCH  90% area=0.065 range=full \\.\DISPLAY2
19:14:36 MEASURE stage=detail_100_before_1 level=90% read=1/1
19:14:39 METER | Result is XYZ: 82.210883 86.879915 94.471719, D50 Lab: 94.687298 -2.978212 -18.408428
19:14:39 METER | Place instrument on spot to be measured,
19:14:39 METER | and hit [A-Z] to read white and setup FWA compensation (keyed to letter)
19:14:39 METER | [a-z] to read and make FWA compensated reading from keyed reference
19:14:39 METER | 'r' to set reference, 's' to save spectrum,
19:14:39 METER | 'f' to report cal. refresh rate, 'F' to measure refresh rate
19:14:39 METER | 'h' to toggle high res., 'k' to do a calibration
19:14:39 METER | Hit ESC or Q to exit, any other key to take a reading:
19:14:39 POINT stage=detail_100_before_1 level=90% Y=86.879915 xy=(0.31192,0.32964) noise_uv=0.000000 noise_Y=0.00%
19:14:39 PATCH  95% area=0.065 range=full \\.\DISPLAY2
19:14:41 MEASURE stage=detail_100_before_1 level=95% read=1/1
19:14:43 METER | Result is XYZ: 92.777931 97.671524 106.259425, D50 Lab: 99.092576 -2.465648 -19.177323
19:14:43 METER | Place instrument on spot to be measured,
19:14:43 METER | and hit [A-Z] to read white and setup FWA compensation (keyed to letter)
19:14:43 METER | [a-z] to read and make FWA compensated reading from keyed reference
19:14:43 METER | 'r' to set reference, 's' to save spectrum,
19:14:43 METER | 'f' to report cal. refresh rate, 'F' to measure refresh rate
19:14:43 METER | 'h' to toggle high res., 'k' to do a calibration
19:14:43 METER | Hit ESC or Q to exit, any other key to take a reading:
19:14:43 POINT stage=detail_100_before_1 level=95% Y=97.671524 xy=(0.31269,0.32918) noise_uv=0.000000 noise_Y=0.00%
19:14:43 PATCH 100% area=0.065 range=full \\.\DISPLAY2
19:14:45 MEASURE stage=detail_100_before_1 level=100% read=1/3
19:14:48 METER | Result is XYZ: 97.409264 102.256768 112.156941, D50 Lab: 100.866134 -2.029659 -20.073116
19:14:48 METER | Place instrument on spot to be measured,
19:14:48 METER | and hit [A-Z] to read white and setup FWA compensation (keyed to letter)
19:14:48 METER | [a-z] to read and make FWA compensated reading from keyed reference
19:14:48 METER | 'r' to set reference, 's' to save spectrum,
19:14:48 METER | 'f' to report cal. refresh rate, 'F' to measure refresh rate
19:14:48 METER | 'h' to toggle high res., 'k' to do a calibration
19:14:48 METER | Hit ESC or Q to exit, any other key to take a reading:
19:14:48 MEASURE stage=detail_100_before_1 level=100% read=2/3
19:14:50 METER | Result is XYZ: 97.092195 101.854143 112.223885, D50 Lab: 100.712549 -1.912601 -20.381991
19:14:50 METER | Place instrument on spot to be measured,
19:14:50 METER | and hit [A-Z] to read white and setup FWA compensation (keyed to letter)
19:14:50 METER | [a-z] to read and make FWA compensated reading from keyed reference
19:14:50 METER | 'r' to set reference, 's' to save spectrum,
19:14:50 METER | 'f' to report cal. refresh rate, 'F' to measure refresh rate
19:14:50 METER | 'h' to toggle high res., 'k' to do a calibration
19:14:50 METER | Hit ESC or Q to exit, any other key to take a reading:
19:14:50 MEASURE stage=detail_100_before_1 level=100% read=3/3
19:14:53 METER | Result is XYZ: 97.254121 102.270347 111.782608, D50 Lab: 100.871306 -2.318450 -19.817424
19:14:53 METER | Place instrument on spot to be measured,
19:14:53 METER | and hit [A-Z] to read white and setup FWA compensation (keyed to letter)
19:14:53 METER | [a-z] to read and make FWA compensated reading from keyed reference
19:14:53 METER | 'r' to set reference, 's' to save spectrum,
19:14:53 METER | 'f' to report cal. refresh rate, 'F' to measure refresh rate
19:14:53 METER | 'h' to toggle high res., 'k' to do a calibration
19:14:53 METER | Hit ESC or Q to exit, any other key to take a reading:
19:14:53 POINT stage=detail_100_before_1 level=100% Y=102.256768 xy=(0.31204,0.32810) noise_uv=0.000499 noise_Y=0.39%
19:14:53 TV > VWB:ISL100
19:14:53 TV < VWB:ISL
19:14:53 TV > VWB:SLG100
19:14:53 TV < VWB:SLG
19:14:53 TV > VWB:GNR006
19:14:53 TV < VWB:GNR
19:14:53 TV > QWB:GNR
19:14:53 TV < QWB:GNR+06
19:14:53 PATCH  95% area=0.065 range=full \\.\DISPLAY2
19:14:55 MEASURE stage=detail_100_WB:GNR_trial level=95% read=1/1
19:14:57 METER | Result is XYZ: 92.879226 97.629724 105.209284, D50 Lab: 99.076155 -2.215288 -18.486386
19:14:57 METER | Place instrument on spot to be measured,
19:14:57 METER | and hit [A-Z] to read white and setup FWA compensation (keyed to letter)
19:14:57 METER | [a-z] to read and make FWA compensated reading from keyed reference
19:14:57 METER | 'r' to set reference, 's' to save spectrum,
19:14:57 METER | 'f' to report cal. refresh rate, 'F' to measure refresh rate
19:14:57 METER | 'h' to toggle high res., 'k' to do a calibration
19:14:57 METER | Hit ESC or Q to exit, any other key to take a reading:
19:14:57 POINT stage=detail_100_WB:GNR_trial level=95% Y=97.629724 xy=(0.31408,0.33014) noise_uv=0.000000 noise_Y=0.00%
19:14:57 TV > VWB:ISL100
19:14:58 TV < VWB:ISL
19:14:58 TV > VWB:SLG100
19:14:58 TV < VWB:SLG
19:14:58 TV > VWB:GNR000
19:14:58 TV < VWB:GNR
19:14:58 TV > QWB:GNR
19:14:58 TV < QWB:GNR000
19:14:58 PATCH  95% area=0.065 range=full \\.\DISPLAY2
19:15:00 MEASURE stage=detail_100_WB:GNR_restored level=95% read=1/1
19:15:02 METER | Result is XYZ: 92.765916 97.801685 106.311370, D50 Lab: 99.143679 -2.707229 -19.124669
19:15:02 METER | Place instrument on spot to be measured,
19:15:02 METER | and hit [A-Z] to read white and setup FWA compensation (keyed to letter)
19:15:02 METER | [a-z] to read and make FWA compensated reading from keyed reference
19:15:02 METER | 'r' to set reference, 's' to save spectrum,
19:15:02 METER | 'f' to report cal. refresh rate, 'F' to measure refresh rate
19:15:02 METER | 'h' to toggle high res., 'k' to do a calibration
19:15:02 METER | Hit ESC or Q to exit, any other key to take a reading:
19:15:02 POINT stage=detail_100_WB:GNR_restored level=95% Y=97.801685 xy=(0.31247,0.32943) noise_uv=0.000000 noise_Y=0.00%
19:15:02 TV > VWB:ISL100
19:15:02 TV < VWB:ISL
19:15:02 TV > VWB:SLG100
19:15:02 TV < VWB:SLG
19:15:02 TV > VWB:GNB006
19:15:02 TV < VWB:GNB
19:15:02 TV > QWB:GNB
19:15:02 TV < QWB:GNB+06
19:15:02 PATCH  95% area=0.065 range=full \\.\DISPLAY2
19:15:04 MEASURE stage=detail_100_WB:GNB_trial level=95% read=1/1
19:15:07 METER | Result is XYZ: 93.342177 97.750276 109.143858, D50 Lab: 99.123500 -1.600279 -21.075499
19:15:07 METER | Place instrument on spot to be measured,
19:15:07 METER | and hit [A-Z] to read white and setup FWA compensation (keyed to letter)
19:15:07 METER | [a-z] to read and make FWA compensated reading from keyed reference
19:15:07 METER | 'r' to set reference, 's' to save spectrum,
19:15:07 METER | 'f' to report cal. refresh rate, 'F' to measure refresh rate
19:15:07 METER | 'h' to toggle high res., 'k' to do a calibration
19:15:07 METER | Hit ESC or Q to exit, any other key to take a reading:
19:15:07 POINT stage=detail_100_WB:GNB_trial level=95% Y=97.750276 xy=(0.31090,0.32558) noise_uv=0.000000 noise_Y=0.00%
19:15:07 TV > VWB:ISL100
19:15:07 TV < VWB:ISL
19:15:07 TV > VWB:SLG100
19:15:07 TV < VWB:SLG
19:15:07 TV > VWB:GNB000
19:15:07 TV < VWB:GNB
19:15:07 TV > QWB:GNB
19:15:07 TV < QWB:GNB000
19:15:07 PATCH  95% area=0.065 range=full \\.\DISPLAY2
19:15:09 MEASURE stage=detail_100_WB:GNB_restored level=95% read=1/1
19:15:11 METER | Result is XYZ: 92.411667 97.313773 106.045631, D50 Lab: 98.951884 -2.509640 -19.273852
19:15:11 METER | Place instrument on spot to be measured,
19:15:11 METER | and hit [A-Z] to read white and setup FWA compensation (keyed to letter)
19:15:11 METER | [a-z] to read and make FWA compensated reading from keyed reference
19:15:11 METER | 'r' to set reference, 's' to save spectrum,
19:15:11 METER | 'f' to report cal. refresh rate, 'F' to measure refresh rate
19:15:11 METER | 'h' to toggle high res., 'k' to do a calibration
19:15:11 METER | Hit ESC or Q to exit, any other key to take a reading:
19:15:11 POINT stage=detail_100_WB:GNB_restored level=95% Y=97.313773 xy=(0.31244,0.32902) noise_uv=0.000000 noise_Y=0.00%
19:15:11 PATCH  90% area=0.065 range=full \\.\DISPLAY2
19:15:13 MEASURE stage=detail_100_reference_1 level=90% read=1/1
19:15:16 METER | Result is XYZ: 81.986033 86.592422 94.382582, D50 Lab: 94.565072 -2.884018 -18.553331
19:15:16 METER | Place instrument on spot to be measured,
19:15:16 METER | and hit [A-Z] to read white and setup FWA compensation (keyed to letter)
19:15:16 METER | [a-z] to read and make FWA compensated reading from keyed reference
19:15:16 METER | 'r' to set reference, 's' to save spectrum,
19:15:16 METER | 'f' to report cal. refresh rate, 'F' to measure refresh rate
19:15:16 METER | 'h' to toggle high res., 'k' to do a calibration
19:15:16 METER | Hit ESC or Q to exit, any other key to take a reading:
19:15:16 POINT stage=detail_100_reference_1 level=90% Y=86.592422 xy=(0.31178,0.32930) noise_uv=0.000000 noise_Y=0.00%
19:15:16 PATCH  95% area=0.065 range=full \\.\DISPLAY2
19:15:18 MEASURE stage=detail_100_reference_1 level=95% read=1/1
19:15:20 METER | Result is XYZ: 92.986425 97.570246 106.555155, D50 Lab: 99.052781 -1.924634 -19.447626
19:15:20 METER | Place instrument on spot to be measured,
19:15:20 METER | and hit [A-Z] to read white and setup FWA compensation (keyed to letter)
19:15:20 METER | [a-z] to read and make FWA compensated reading from keyed reference
19:15:20 METER | 'r' to set reference, 's' to save spectrum,
19:15:20 METER | 'f' to report cal. refresh rate, 'F' to measure refresh rate
19:15:20 METER | 'h' to toggle high res., 'k' to do a calibration
19:15:20 METER | Hit ESC or Q to exit, any other key to take a reading:
19:15:20 POINT stage=detail_100_reference_1 level=95% Y=97.570246 xy=(0.31297,0.32840) noise_uv=0.000000 noise_Y=0.00%
19:15:20 PATCH 100% area=0.065 range=full \\.\DISPLAY2
19:15:22 MEASURE stage=detail_100_reference_1 level=100% read=1/3
19:15:25 METER | Result is XYZ: 97.611592 102.380082 112.360745, D50 Lab: 100.913092 -1.884944 -20.126278
19:15:25 METER | Place instrument on spot to be measured,
19:15:25 METER | and hit [A-Z] to read white and setup FWA compensation (keyed to letter)
19:15:25 METER | [a-z] to read and make FWA compensated reading from keyed reference
19:15:25 METER | 'r' to set reference, 's' to save spectrum,
19:15:25 METER | 'f' to report cal. refresh rate, 'F' to measure refresh rate
19:15:25 METER | 'h' to toggle high res., 'k' to do a calibration
19:15:25 METER | Hit ESC or Q to exit, any other key to take a reading:
19:15:25 MEASURE stage=detail_100_reference_1 level=100% read=2/3
19:15:28 METER | Result is XYZ: 97.095301 101.948551 112.103988, D50 Lab: 100.748598 -2.062639 -20.240889
19:15:28 METER | Place instrument on spot to be measured,
19:15:28 METER | and hit [A-Z] to read white and setup FWA compensation (keyed to letter)
19:15:28 METER | [a-z] to read and make FWA compensated reading from keyed reference
19:15:28 METER | 'r' to set reference, 's' to save spectrum,
19:15:28 METER | 'f' to report cal. refresh rate, 'F' to measure refresh rate
19:15:28 METER | 'h' to toggle high res., 'k' to do a calibration
19:15:28 METER | Hit ESC or Q to exit, any other key to take a reading:
19:15:28 MEASURE stage=detail_100_reference_1 level=100% read=3/3
19:15:30 METER | Result is XYZ: 97.291864 102.360133 111.513582, D50 Lab: 100.905498 -2.400969 -19.580781
19:15:30 METER | Place instrument on spot to be measured,
19:15:30 METER | and hit [A-Z] to read white and setup FWA compensation (keyed to letter)
19:15:30 METER | [a-z] to read and make FWA compensated reading from keyed reference
19:15:30 METER | 'r' to set reference, 's' to save spectrum,
19:15:30 METER | 'f' to report cal. refresh rate, 'F' to measure refresh rate
19:15:30 METER | 'h' to toggle high res., 'k' to do a calibration
19:15:30 METER | Hit ESC or Q to exit, any other key to take a reading:
19:15:30 POINT stage=detail_100_reference_1 level=100% Y=102.360133 xy=(0.31208,0.32833) noise_uv=0.000563 noise_Y=0.40%
19:15:30 TV > VWB:ISL100
19:15:30 TV < VWB:ISL
19:15:30 TV > VWB:SLG100
19:15:30 TV < VWB:SLG
19:15:30 TV > VWB:GNR-02
19:15:30 TV < VWB:GNR
19:15:30 TV > QWB:GNR
19:15:30 TV < QWB:GNR-02
19:15:30 TV > VWB:GNB-01
19:15:30 TV < VWB:GNB
19:15:30 TV > QWB:GNB
19:15:30 TV < QWB:GNB-01
19:15:30 PATCH  90% area=0.065 range=full \\.\DISPLAY2
19:15:32 MEASURE stage=detail_100_candidate_1 level=90% read=1/1
19:15:35 METER | Result is XYZ: 82.305777 86.993016 95.119468, D50 Lab: 94.735308 -3.002798 -18.802803
19:15:35 METER | Place instrument on spot to be measured,
19:15:35 METER | and hit [A-Z] to read white and setup FWA compensation (keyed to letter)
19:15:35 METER | [a-z] to read and make FWA compensated reading from keyed reference
19:15:35 METER | 'r' to set reference, 's' to save spectrum,
19:15:35 METER | 'f' to report cal. refresh rate, 'F' to measure refresh rate
19:15:35 METER | 'h' to toggle high res., 'k' to do a calibration
19:15:35 METER | Hit ESC or Q to exit, any other key to take a reading:
19:15:35 POINT stage=detail_100_candidate_1 level=90% Y=86.993016 xy=(0.31127,0.32900) noise_uv=0.000000 noise_Y=0.00%
19:15:35 PATCH  95% area=0.065 range=full \\.\DISPLAY2
19:15:37 MEASURE stage=detail_100_candidate_1 level=95% read=1/1
19:15:39 METER | Result is XYZ: 93.109094 98.137269 106.630765, D50 Lab: 99.275225 -2.666310 -19.115609
19:15:39 METER | Place instrument on spot to be measured,
19:15:39 METER | and hit [A-Z] to read white and setup FWA compensation (keyed to letter)
19:15:39 METER | [a-z] to read and make FWA compensated reading from keyed reference
19:15:39 METER | 'r' to set reference, 's' to save spectrum,
19:15:39 METER | 'f' to report cal. refresh rate, 'F' to measure refresh rate
19:15:39 METER | 'h' to toggle high res., 'k' to do a calibration
19:15:39 METER | Hit ESC or Q to exit, any other key to take a reading:
19:15:39 POINT stage=detail_100_candidate_1 level=95% Y=98.137269 xy=(0.31258,0.32946) noise_uv=0.000000 noise_Y=0.00%
19:15:39 PATCH 100% area=0.065 range=full \\.\DISPLAY2
19:15:41 MEASURE stage=detail_100_candidate_1 level=100% read=1/3
19:15:44 METER | Result is XYZ: 97.204723 102.178585 111.936993, D50 Lab: 100.836342 -2.252652 -19.979550
19:15:44 METER | Place instrument on spot to be measured,
19:15:44 METER | and hit [A-Z] to read white and setup FWA compensation (keyed to letter)
19:15:44 METER | [a-z] to read and make FWA compensated reading from keyed reference
19:15:44 METER | 'r' to set reference, 's' to save spectrum,
19:15:44 METER | 'f' to report cal. refresh rate, 'F' to measure refresh rate
19:15:44 METER | 'h' to toggle high res., 'k' to do a calibration
19:15:44 METER | Hit ESC or Q to exit, any other key to take a reading:
19:15:44 MEASURE stage=detail_100_candidate_1 level=100% read=2/3
19:15:46 METER | Result is XYZ: 96.987805 101.808669 111.194286, D50 Lab: 100.695178 -2.017397 -19.732136
19:15:46 METER | Place instrument on spot to be measured,
19:15:46 METER | and hit [A-Z] to read white and setup FWA compensation (keyed to letter)
19:15:46 METER | [a-z] to read and make FWA compensated reading from keyed reference
19:15:46 METER | 'r' to set reference, 's' to save spectrum,
19:15:46 METER | 'f' to report cal. refresh rate, 'F' to measure refresh rate
19:15:46 METER | 'h' to toggle high res., 'k' to do a calibration
19:15:46 METER | Hit ESC or Q to exit, any other key to take a reading:
19:15:46 MEASURE stage=detail_100_candidate_1 level=100% read=3/3
19:15:49 METER | Result is XYZ: 97.310488 102.068779 111.846090, D50 Lab: 100.794474 -1.890420 -19.991782
19:15:49 METER | Place instrument on spot to be measured,
19:15:49 METER | and hit [A-Z] to read white and setup FWA compensation (keyed to letter)
19:15:49 METER | [a-z] to read and make FWA compensated reading from keyed reference
19:15:49 METER | 'r' to set reference, 's' to save spectrum,
19:15:49 METER | 'f' to report cal. refresh rate, 'F' to measure refresh rate
19:15:49 METER | 'h' to toggle high res., 'k' to do a calibration
19:15:49 METER | Hit ESC or Q to exit, any other key to take a reading:
19:15:49 POINT stage=detail_100_candidate_1 level=100% Y=102.068779 xy=(0.31244,0.32807) noise_uv=0.000308 noise_Y=0.25%
19:15:49 TV > VWB:ISL100
19:15:49 TV < VWB:ISL
19:15:49 TV > VWB:SLG100
19:15:49 TV < VWB:SLG
19:15:49 TV > VWB:GNR000
19:15:49 TV < VWB:GNR
19:15:49 TV > QWB:GNR
19:15:49 TV < QWB:GNR000
19:15:49 TV > VWB:GNB000
19:15:49 TV < VWB:GNB
19:15:49 TV > QWB:GNB
19:15:49 TV < QWB:GNB000
19:15:49 DECISION detail_100 iteration=1 RESTORE chroma=0.675->0.765 max=0.884->1.073
19:15:49 TV > QWB:HIR
19:15:49 TV < QWB:HIR+01
19:15:49 TV > QWB:HIB
19:15:49 TV < QWB:HIB-03
19:15:49 PATCH  80% area=0.065 range=full \\.\DISPLAY2
19:15:51 MEASURE stage=final_high_before_1 level=80% read=1/1
19:15:54 METER | Result is XYZ: 62.388678 65.684776 71.822469, D50 Lab: 84.835370 -2.172051 -17.123349
19:15:54 METER | Place instrument on spot to be measured,
19:15:54 METER | and hit [A-Z] to read white and setup FWA compensation (keyed to letter)
19:15:54 METER | [a-z] to read and make FWA compensated reading from keyed reference
19:15:54 METER | 'r' to set reference, 's' to save spectrum,
19:15:54 METER | 'f' to report cal. refresh rate, 'F' to measure refresh rate
19:15:54 METER | 'h' to toggle high res., 'k' to do a calibration
19:15:54 METER | Hit ESC or Q to exit, any other key to take a reading:
19:15:54 POINT stage=final_high_before_1 level=80% Y=65.684776 xy=(0.31211,0.32859) noise_uv=0.000000 noise_Y=0.00%
19:15:54 PATCH  90% area=0.065 range=full \\.\DISPLAY2
19:15:56 MEASURE stage=final_high_before_1 level=90% read=1/1
19:15:58 METER | Result is XYZ: 81.825242 86.129223 94.473940, D50 Lab: 94.367575 -2.342607 -18.961314
19:15:58 METER | Place instrument on spot to be measured,
19:15:58 METER | and hit [A-Z] to read white and setup FWA compensation (keyed to letter)
19:15:58 METER | [a-z] to read and make FWA compensated reading from keyed reference
19:15:58 METER | 'r' to set reference, 's' to save spectrum,
19:15:58 METER | 'f' to report cal. refresh rate, 'F' to measure refresh rate
19:15:58 METER | 'h' to toggle high res., 'k' to do a calibration
19:15:58 METER | Hit ESC or Q to exit, any other key to take a reading:
19:15:58 POINT stage=final_high_before_1 level=90% Y=86.129223 xy=(0.31180,0.32820) noise_uv=0.000000 noise_Y=0.00%
19:15:58 PATCH  95% area=0.065 range=full \\.\DISPLAY2
19:16:00 MEASURE stage=final_high_before_1 level=95% read=1/1
19:16:03 METER | Result is XYZ: 92.588655 97.194004 105.920694, D50 Lab: 98.904706 -1.991770 -19.269758
19:16:03 METER | Place instrument on spot to be measured,
19:16:03 METER | and hit [A-Z] to read white and setup FWA compensation (keyed to letter)
19:16:03 METER | [a-z] to read and make FWA compensated reading from keyed reference
19:16:03 METER | 'r' to set reference, 's' to save spectrum,
19:16:03 METER | 'f' to report cal. refresh rate, 'F' to measure refresh rate
19:16:03 METER | 'h' to toggle high res., 'k' to do a calibration
19:16:03 METER | Hit ESC or Q to exit, any other key to take a reading:
19:16:03 POINT stage=final_high_before_1 level=95% Y=97.194004 xy=(0.31311,0.32869) noise_uv=0.000000 noise_Y=0.00%
19:16:03 PATCH 100% area=0.065 range=full \\.\DISPLAY2
19:16:05 MEASURE stage=final_high_before_1 level=100% read=1/3
19:16:07 METER | Result is XYZ: 96.950288 101.824512 110.693756, D50 Lab: 100.701230 -2.108090 -19.389703
19:16:07 METER | Place instrument on spot to be measured,
19:16:07 METER | and hit [A-Z] to read white and setup FWA compensation (keyed to letter)
19:16:07 METER | [a-z] to read and make FWA compensated reading from keyed reference
19:16:07 METER | 'r' to set reference, 's' to save spectrum,
19:16:07 METER | 'f' to report cal. refresh rate, 'F' to measure refresh rate
19:16:07 METER | 'h' to toggle high res., 'k' to do a calibration
19:16:07 METER | Hit ESC or Q to exit, any other key to take a reading:
19:16:07 MEASURE stage=final_high_before_1 level=100% read=2/3
19:16:10 METER | Result is XYZ: 96.999749 101.920818 111.301778, D50 Lab: 100.738011 -2.181458 -19.729454
19:16:10 METER | Place instrument on spot to be measured,
19:16:10 METER | and hit [A-Z] to read white and setup FWA compensation (keyed to letter)
19:16:10 METER | [a-z] to read and make FWA compensated reading from keyed reference
19:16:10 METER | 'r' to set reference, 's' to save spectrum,
19:16:10 METER | 'f' to report cal. refresh rate, 'F' to measure refresh rate
19:16:10 METER | 'h' to toggle high res., 'k' to do a calibration
19:16:10 METER | Hit ESC or Q to exit, any other key to take a reading:
19:16:10 MEASURE stage=final_high_before_1 level=100% read=3/3
19:16:12 METER | Result is XYZ: 96.664180 101.547733 110.782519, D50 Lab: 100.595396 -2.145137 -19.631125
19:16:12 METER | Place instrument on spot to be measured,
19:16:12 METER | and hit [A-Z] to read white and setup FWA compensation (keyed to letter)
19:16:12 METER | [a-z] to read and make FWA compensated reading from keyed reference
19:16:12 METER | 'r' to set reference, 's' to save spectrum,
19:16:12 METER | 'f' to report cal. refresh rate, 'F' to measure refresh rate
19:16:12 METER | 'h' to toggle high res., 'k' to do a calibration
19:16:12 METER | Hit ESC or Q to exit, any other key to take a reading:
19:16:12 POINT stage=final_high_before_1 level=100% Y=101.824512 xy=(0.31319,0.32894) noise_uv=0.000354 noise_Y=0.27%
19:16:12 PATCH   0% area=0.065 range=full \\.\DISPLAY2
19:16:14 MEASURE stage=post_white_balance_anchors level=0% read=1/2
19:16:34 METER | Result is XYZ: 0.413563 0.442285 0.412195, D50 Lab: 3.995142 -0.520461 -0.894002
19:16:34 METER | Place instrument on spot to be measured,
19:16:34 METER | and hit [A-Z] to read white and setup FWA compensation (keyed to letter)
19:16:34 METER | [a-z] to read and make FWA compensated reading from keyed reference
19:16:34 METER | 'r' to set reference, 's' to save spectrum,
19:16:34 METER | 'f' to report cal. refresh rate, 'F' to measure refresh rate
19:16:34 METER | 'h' to toggle high res., 'k' to do a calibration
19:16:34 METER | Hit ESC or Q to exit, any other key to take a reading:
19:16:34 MEASURE stage=post_white_balance_anchors level=0% read=2/2
19:16:53 METER | Result is XYZ: 0.415634 0.444247 0.411328, D50 Lab: 4.012869 -0.513242 -0.847061
19:16:53 METER | Place instrument on spot to be measured,
19:16:53 METER | and hit [A-Z] to read white and setup FWA compensation (keyed to letter)
19:16:53 METER | [a-z] to read and make FWA compensated reading from keyed reference
19:16:53 METER | 'r' to set reference, 's' to save spectrum,
19:16:53 METER | 'f' to report cal. refresh rate, 'F' to measure refresh rate
19:16:53 METER | 'h' to toggle high res., 'k' to do a calibration
19:16:53 METER | Hit ESC or Q to exit, any other key to take a reading:
19:16:53 POINT stage=post_white_balance_anchors level=0% Y=0.443266 xy=(0.32655,0.34913) noise_uv=0.000273 noise_Y=0.22%
19:16:54 PATCH 100% area=0.065 range=full \\.\DISPLAY2
19:16:56 MEASURE stage=post_white_balance_anchors level=100% read=1/3
19:16:58 METER | Result is XYZ: 97.541153 102.179777 112.346401, D50 Lab: 100.836796 -1.676875 -20.248387
19:16:58 METER | Place instrument on spot to be measured,
19:16:58 METER | and hit [A-Z] to read white and setup FWA compensation (keyed to letter)
19:16:58 METER | [a-z] to read and make FWA compensated reading from keyed reference
19:16:58 METER | 'r' to set reference, 's' to save spectrum,
19:16:58 METER | 'f' to report cal. refresh rate, 'F' to measure refresh rate
19:16:58 METER | 'h' to toggle high res., 'k' to do a calibration
19:16:58 METER | Hit ESC or Q to exit, any other key to take a reading:
19:16:58 MEASURE stage=post_white_balance_anchors level=100% read=2/3
19:17:01 METER | Result is XYZ: 97.806003 102.584284 112.532447, D50 Lab: 100.990770 -1.886675 -20.105221
19:17:01 METER | Place instrument on spot to be measured,
19:17:01 METER | and hit [A-Z] to read white and setup FWA compensation (keyed to letter)
19:17:01 METER | [a-z] to read and make FWA compensated reading from keyed reference
19:17:01 METER | 'r' to set reference, 's' to save spectrum,
19:17:01 METER | 'f' to report cal. refresh rate, 'F' to measure refresh rate
19:17:01 METER | 'h' to toggle high res., 'k' to do a calibration
19:17:01 METER | Hit ESC or Q to exit, any other key to take a reading:
19:17:01 MEASURE stage=post_white_balance_anchors level=100% read=3/3
19:17:03 METER | Result is XYZ: 97.495990 102.128718 112.740293, D50 Lab: 100.817332 -1.670456 -20.540732
19:17:03 METER | Place instrument on spot to be measured,
19:17:03 METER | and hit [A-Z] to read white and setup FWA compensation (keyed to letter)
19:17:03 METER | [a-z] to read and make FWA compensated reading from keyed reference
19:17:03 METER | 'r' to set reference, 's' to save spectrum,
19:17:03 METER | 'f' to report cal. refresh rate, 'F' to measure refresh rate
19:17:03 METER | 'h' to toggle high res., 'k' to do a calibration
19:17:03 METER | Hit ESC or Q to exit, any other key to take a reading:
19:17:03 POINT stage=post_white_balance_anchors level=100% Y=102.179777 xy=(0.31238,0.32723) noise_uv=0.000359 noise_Y=0.40%
19:17:03 TV > VWB:ISL100
19:17:03 TV < VWB:ISL
19:17:03 TV > VWB:SLG100
19:17:03 TV < VWB:SLG
19:17:03 TV > QPC:GGN
19:17:03 TV < QPC:GGN000
19:17:03 PATCH  95% area=0.065 range=full \\.\DISPLAY2
19:17:05 MEASURE stage=gamma_slot100_map_95_before level=95% read=1/1
19:17:08 METER | Result is XYZ: 92.909749 97.809579 106.517744, D50 Lab: 99.146777 -2.465605 -19.260071
19:17:08 METER | Place instrument on spot to be measured,
19:17:08 METER | and hit [A-Z] to read white and setup FWA compensation (keyed to letter)
19:17:08 METER | [a-z] to read and make FWA compensated reading from keyed reference
19:17:08 METER | 'r' to set reference, 's' to save spectrum,
19:17:08 METER | 'f' to report cal. refresh rate, 'F' to measure refresh rate
19:17:08 METER | 'h' to toggle high res., 'k' to do a calibration
19:17:08 METER | Hit ESC or Q to exit, any other key to take a reading:
19:17:08 POINT stage=gamma_slot100_map_95_before level=95% Y=97.809579 xy=(0.31258,0.32906) noise_uv=0.000000 noise_Y=0.00%
19:17:08 PATCH 100% area=0.065 range=full \\.\DISPLAY2
19:17:10 MEASURE stage=gamma_slot100_map_100_before level=100% read=1/1
19:17:12 METER | Result is XYZ: 97.490429 102.240460 112.231571, D50 Lab: 100.859921 -1.863572 -20.132961
19:17:12 METER | Place instrument on spot to be measured,
19:17:12 METER | and hit [A-Z] to read white and setup FWA compensation (keyed to letter)
19:17:12 METER | [a-z] to read and make FWA compensated reading from keyed reference
19:17:12 METER | 'r' to set reference, 's' to save spectrum,
19:17:12 METER | 'f' to report cal. refresh rate, 'F' to measure refresh rate
19:17:12 METER | 'h' to toggle high res., 'k' to do a calibration
19:17:12 METER | Hit ESC or Q to exit, any other key to take a reading:
19:17:12 POINT stage=gamma_slot100_map_100_before level=100% Y=102.240460 xy=(0.31251,0.32773) noise_uv=0.000000 noise_Y=0.00%
19:17:12 TV > VWB:ISL100
19:17:12 TV < VWB:ISL
19:17:12 TV > VWB:SLG100
19:17:12 TV < VWB:SLG
19:17:12 TV > VPC:GGN008
19:17:12 TV < VPC:GGN
19:17:12 TV > QPC:GGN
19:17:12 TV < QPC:GGN+08
19:17:12 PATCH  95% area=0.065 range=full \\.\DISPLAY2
19:17:14 MEASURE stage=gamma_slot100_map_95_changed level=95% read=1/1
19:17:17 METER | Result is XYZ: 97.431711 102.484063 111.671511, D50 Lab: 100.952659 -2.364079 -19.603815
19:17:17 METER | Place instrument on spot to be measured,
19:17:17 METER | and hit [A-Z] to read white and setup FWA compensation (keyed to letter)
19:17:17 METER | [a-z] to read and make FWA compensated reading from keyed reference
19:17:17 METER | 'r' to set reference, 's' to save spectrum,
19:17:17 METER | 'f' to report cal. refresh rate, 'F' to measure refresh rate
19:17:17 METER | 'h' to toggle high res., 'k' to do a calibration
19:17:17 METER | Hit ESC or Q to exit, any other key to take a reading:
19:17:17 POINT stage=gamma_slot100_map_95_changed level=95% Y=102.484063 xy=(0.31269,0.32891) noise_uv=0.000000 noise_Y=0.00%
19:17:17 PATCH 100% area=0.065 range=full \\.\DISPLAY2
19:17:19 MEASURE stage=gamma_slot100_map_100_changed level=100% read=1/1
19:17:21 METER | Result is XYZ: 97.554143 102.496645 112.493419, D50 Lab: 100.957445 -2.174634 -20.137033
19:17:21 METER | Place instrument on spot to be measured,
19:17:21 METER | and hit [A-Z] to read white and setup FWA compensation (keyed to letter)
19:17:21 METER | [a-z] to read and make FWA compensated reading from keyed reference
19:17:21 METER | 'r' to set reference, 's' to save spectrum,
19:17:21 METER | 'f' to report cal. refresh rate, 'F' to measure refresh rate
19:17:21 METER | 'h' to toggle high res., 'k' to do a calibration
19:17:21 METER | Hit ESC or Q to exit, any other key to take a reading:
19:17:21 POINT stage=gamma_slot100_map_100_changed level=100% Y=102.496645 xy=(0.31213,0.32794) noise_uv=0.000000 noise_Y=0.00%
19:17:21 TV > VWB:ISL100
19:17:22 TV < VWB:ISL
19:17:22 TV > VWB:SLG100
19:17:22 TV < VWB:SLG
19:17:22 TV > VPC:GGN000
19:17:22 TV < VPC:GGN
19:17:22 TV > QPC:GGN
19:17:22 TV < QPC:GGN000
19:17:22 PATCH  95% area=0.065 range=full \\.\DISPLAY2
19:17:24 MEASURE stage=gamma_slot100_map_95_restored level=95% read=1/1
19:17:26 METER | Result is XYZ: 92.709085 97.422675 106.662355, D50 Lab: 98.994748 -2.166104 -19.620704
19:17:26 METER | Place instrument on spot to be measured,
19:17:26 METER | and hit [A-Z] to read white and setup FWA compensation (keyed to letter)
19:17:26 METER | [a-z] to read and make FWA compensated reading from keyed reference
19:17:26 METER | 'r' to set reference, 's' to save spectrum,
19:17:26 METER | 'f' to report cal. refresh rate, 'F' to measure refresh rate
19:17:26 METER | 'h' to toggle high res., 'k' to do a calibration
19:17:26 METER | Hit ESC or Q to exit, any other key to take a reading:
19:17:26 POINT stage=gamma_slot100_map_95_restored level=95% Y=97.422675 xy=(0.31237,0.32825) noise_uv=0.000000 noise_Y=0.00%
19:17:26 PATCH 100% area=0.065 range=full \\.\DISPLAY2
19:17:28 MEASURE stage=gamma_slot100_map_100_restored level=100% read=1/1
19:17:31 METER | Result is XYZ: 97.319670 102.222193 111.797914, D50 Lab: 100.852961 -2.126743 -19.859156
19:17:31 METER | Place instrument on spot to be measured,
19:17:31 METER | and hit [A-Z] to read white and setup FWA compensation (keyed to letter)
19:17:31 METER | [a-z] to read and make FWA compensated reading from keyed reference
19:17:31 METER | 'r' to set reference, 's' to save spectrum,
19:17:31 METER | 'f' to report cal. refresh rate, 'F' to measure refresh rate
19:17:31 METER | 'h' to toggle high res., 'k' to do a calibration
19:17:31 METER | Hit ESC or Q to exit, any other key to take a reading:
19:17:31 POINT stage=gamma_slot100_map_100_restored level=100% Y=102.222193 xy=(0.31258,0.32833) noise_uv=0.000000 noise_Y=0.00%
19:17:31 SLOT100 MAP family=gamma code=PC:GGN 95effect=0.006083 100effect=0.000324 confirmed=True
19:17:31 TV > VWB:ISL010
19:17:31 TV < VWB:ISL
19:17:31 TV > VWB:SLG010
19:17:31 TV < VWB:SLG
19:17:31 TV > QPC:GGN
19:17:31 TV < QPC:GGN000
19:17:31 PATCH   5% area=0.065 range=full \\.\DISPLAY2
19:17:33 MEASURE stage=gamma_10_before_1 level=5% read=1/3
19:17:50 METER | Result is XYZ: 0.906131 0.978309 0.899902, D50 Lab: 8.809420 -1.422960 -1.581949
19:17:50 METER | Place instrument on spot to be measured,
19:17:50 METER | and hit [A-Z] to read white and setup FWA compensation (keyed to letter)
19:17:50 METER | [a-z] to read and make FWA compensated reading from keyed reference
19:17:50 METER | 'r' to set reference, 's' to save spectrum,
19:17:50 METER | 'f' to report cal. refresh rate, 'F' to measure refresh rate
19:17:50 METER | 'h' to toggle high res., 'k' to do a calibration
19:17:50 METER | Hit ESC or Q to exit, any other key to take a reading:
19:17:50 MEASURE stage=gamma_10_before_1 level=5% read=2/3
19:18:10 METER | Result is XYZ: 0.908137 0.981444 0.897435, D50 Lab: 8.835896 -1.459301 -1.495741
19:18:10 METER | Place instrument on spot to be measured,
19:18:10 METER | and hit [A-Z] to read white and setup FWA compensation (keyed to letter)
19:18:10 METER | [a-z] to read and make FWA compensated reading from keyed reference
19:18:10 METER | 'r' to set reference, 's' to save spectrum,
19:18:10 METER | 'f' to report cal. refresh rate, 'F' to measure refresh rate
19:18:10 METER | 'h' to toggle high res., 'k' to do a calibration
19:18:10 METER | Hit ESC or Q to exit, any other key to take a reading:
19:18:10 MEASURE stage=gamma_10_before_1 level=5% read=3/3
19:18:29 METER | Result is XYZ: 0.913381 0.982091 0.911188, D50 Lab: 8.841353 -1.279933 -1.711560
19:18:29 METER | Place instrument on spot to be measured,
19:18:29 METER | and hit [A-Z] to read white and setup FWA compensation (keyed to letter)
19:18:29 METER | [a-z] to read and make FWA compensated reading from keyed reference
19:18:29 METER | 'r' to set reference, 's' to save spectrum,
19:18:29 METER | 'f' to report cal. refresh rate, 'F' to measure refresh rate
19:18:29 METER | 'h' to toggle high res., 'k' to do a calibration
19:18:29 METER | Hit ESC or Q to exit, any other key to take a reading:
19:18:29 POINT stage=gamma_10_before_1 level=5% Y=0.981444 xy=(0.32556,0.35184) noise_uv=0.001143 noise_Y=0.32%
19:18:29 PATCH  10% area=0.065 range=full \\.\DISPLAY2
19:18:31 MEASURE stage=gamma_10_before_1 level=10% read=1/3
19:18:42 METER | Result is XYZ: 1.679193 1.768128 1.866813, D50 Lab: 14.220100 -0.656360 -4.467604
19:18:42 METER | Place instrument on spot to be measured,
19:18:42 METER | and hit [A-Z] to read white and setup FWA compensation (keyed to letter)
19:18:42 METER | [a-z] to read and make FWA compensated reading from keyed reference
19:18:42 METER | 'r' to set reference, 's' to save spectrum,
19:18:42 METER | 'f' to report cal. refresh rate, 'F' to measure refresh rate
19:18:42 METER | 'h' to toggle high res., 'k' to do a calibration
19:18:42 METER | Hit ESC or Q to exit, any other key to take a reading:
19:18:42 MEASURE stage=gamma_10_before_1 level=10% read=2/3
19:18:52 METER | Result is XYZ: 1.684360 1.768488 1.870156, D50 Lab: 14.222149 -0.532385 -4.497812
19:18:52 METER | Place instrument on spot to be measured,
19:18:52 METER | and hit [A-Z] to read white and setup FWA compensation (keyed to letter)
19:18:52 METER | [a-z] to read and make FWA compensated reading from keyed reference
19:18:52 METER | 'r' to set reference, 's' to save spectrum,
19:18:52 METER | 'f' to report cal. refresh rate, 'F' to measure refresh rate
19:18:52 METER | 'h' to toggle high res., 'k' to do a calibration
19:18:52 METER | Hit ESC or Q to exit, any other key to take a reading:
19:18:52 MEASURE stage=gamma_10_before_1 level=10% read=3/3
19:19:03 METER | Result is XYZ: 1.680880 1.775511 1.857374, D50 Lab: 14.262105 -0.794022 -4.299674
19:19:03 METER | Place instrument on spot to be measured,
19:19:03 METER | and hit [A-Z] to read white and setup FWA compensation (keyed to letter)
19:19:03 METER | [a-z] to read and make FWA compensated reading from keyed reference
19:19:03 METER | 'r' to set reference, 's' to save spectrum,
19:19:03 METER | 'f' to report cal. refresh rate, 'F' to measure refresh rate
19:19:03 METER | 'h' to toggle high res., 'k' to do a calibration
19:19:03 METER | Hit ESC or Q to exit, any other key to take a reading:
19:19:03 POINT stage=gamma_10_before_1 level=10% Y=1.768488 xy=(0.31618,0.33266) noise_uv=0.000915 noise_Y=0.40%
19:19:03 AUTOCAL FAILED PermissionError(13, 'Access is denied')
19:19:03 TV > VPC:BRI030
19:19:03 TV < VPC:BRI
19:19:03 TV > QPC:BRI
19:19:03 TV < QPC:BRI+30
19:19:03 TV > VPC:CON060
19:19:03 TV < VPC:CON
19:19:03 TV > QPC:CON
19:19:03 TV < QPC:CON060
19:19:03 TV > VPC:COL050
19:19:03 TV < VPC:COL
19:19:03 TV > QPC:COL
19:19:03 TV < QPC:COL050
19:19:03 TV > VPC:TIN000
19:19:03 TV < VPC:TIN
19:19:03 TV > QPC:TIN
19:19:03 TV < QPC:TIN000
19:19:03 TV > VPC:SHP050
19:19:03 TV < VPC:SHP
19:19:03 TV > QPC:SHP
19:19:03 TV < QPC:SHP050
19:19:03 TV > VPC:TMPWRM2
19:19:03 TV < VPC:TMP
19:19:03 TV > QPC:TMP
19:19:03 TV < QPC:TMPWRM2
19:19:03 TV > VPC:GMM2.4
19:19:03 TV < VPC:GMM
19:19:03 TV > QPC:GMM
19:19:03 TV < QPC:GMM2.4
19:19:03 TV > VPC:PBRLow
19:19:03 TV < VPC:PBR
19:19:03 TV > QPC:PBR
19:19:03 TV < QPC:PBRLow
19:19:03 TV > VPC:CGUREC
19:19:03 TV < VPC:CGU
19:19:03 TV > QPC:CGU
19:19:03 TV < QPC:CGUREC
19:19:03 TV > VWB:HIR000
19:19:03 TV < VWB:HIR
19:19:03 TV > QWB:HIR
19:19:03 TV < QWB:HIR000
19:19:03 TV > VWB:HIG000
19:19:03 TV < VWB:HIG
19:19:03 TV > QWB:HIG
19:19:03 TV < QWB:HIG000
19:19:03 TV > VWB:HIB000
19:19:03 TV < VWB:HIB
19:19:03 TV > QWB:HIB
19:19:03 TV < QWB:HIB000
19:19:03 TV > VWB:LOR000
19:19:03 TV < VWB:LOR
19:19:03 TV > QWB:LOR
19:19:03 TV < QWB:LOR000
19:19:03 TV > VWB:LOG000
19:19:03 TV < VWB:LOG
19:19:03 TV > QWB:LOG
19:19:03 TV < QWB:LOG000
19:19:03 TV > VWB:LOB000
19:19:03 TV < VWB:LOB
19:19:03 TV > QWB:LOB
19:19:03 TV < QWB:LOB000
19:19:03 TV > VWB:ISL010
19:19:03 TV < VWB:ISL
19:19:03 TV > VWB:SLG010
19:19:03 TV < VWB:SLG
19:19:03 TV > VWB:GNR000
19:19:03 TV < VWB:GNR
19:19:03 TV > QWB:GNR
19:19:03 TV < QWB:GNR000
19:19:03 TV > VWB:GNG000
19:19:03 TV < VWB:GNG
19:19:03 TV > QWB:GNG
19:19:03 TV < QWB:GNG000
19:19:03 TV > VWB:GNB000
19:19:03 TV < VWB:GNB
19:19:03 TV > QWB:GNB
19:19:03 TV < QWB:GNB000
19:19:03 TV > VPC:GGN000
19:19:03 TV < VPC:GGN
19:19:03 TV > QPC:GGN
19:19:03 TV < QPC:GGN000
19:19:03 TV > VWB:ISL020
19:19:03 TV < VWB:ISL
19:19:03 TV > VWB:SLG020
19:19:03 TV < VWB:SLG
19:19:03 TV > VWB:GNR000
19:19:03 TV < VWB:GNR
19:19:03 TV > QWB:GNR
19:19:03 TV < QWB:GNR000
19:19:03 TV > VWB:GNG000
19:19:03 TV < VWB:GNG
19:19:03 TV > QWB:GNG
19:19:03 TV < QWB:GNG000
19:19:03 TV > VWB:GNB000
19:19:03 TV < VWB:GNB
19:19:03 TV > QWB:GNB
19:19:03 TV < QWB:GNB000
19:19:03 TV > VPC:GGN000
19:19:03 TV < VPC:GGN
19:19:03 TV > QPC:GGN
19:19:03 TV < QPC:GGN000
19:19:03 TV > VWB:ISL030
19:19:03 TV < VWB:ISL
19:19:03 TV > VWB:SLG030
19:19:03 TV < VWB:SLG
19:19:03 TV > VWB:GNR000
19:19:03 TV < VWB:GNR
19:19:03 TV > QWB:GNR
19:19:03 TV < QWB:GNR000
19:19:03 TV > VWB:GNG000
19:19:03 TV < VWB:GNG
19:19:03 TV > QWB:GNG
19:19:03 TV < QWB:GNG000
19:19:03 TV > VWB:GNB000
19:19:03 TV < VWB:GNB
19:19:03 TV > QWB:GNB
19:19:03 TV < QWB:GNB000
19:19:03 TV > VPC:GGN000
19:19:03 TV < VPC:GGN
19:19:03 TV > QPC:GGN
19:19:03 TV < QPC:GGN000
19:19:03 TV > VWB:ISL040
19:19:03 TV < VWB:ISL
19:19:03 TV > VWB:SLG040
19:19:03 TV < VWB:SLG
19:19:03 TV > VWB:GNR000
19:19:03 TV < VWB:GNR
19:19:03 TV > QWB:GNR
19:19:03 TV < QWB:GNR000
19:19:03 TV > VWB:GNG000
19:19:03 TV < VWB:GNG
19:19:03 TV > QWB:GNG
19:19:03 TV < QWB:GNG000
19:19:03 TV > VWB:GNB000
19:19:03 TV < VWB:GNB
19:19:03 TV > QWB:GNB
19:19:03 TV < QWB:GNB000
19:19:03 TV > VPC:GGN000
19:19:03 TV < VPC:GGN
19:19:03 TV > QPC:GGN
19:19:03 TV < QPC:GGN000
19:19:03 TV > VWB:ISL050
19:19:03 TV < VWB:ISL
19:19:03 TV > VWB:SLG050
19:19:03 TV < VWB:SLG
19:19:03 TV > VWB:GNR000
19:19:03 TV < VWB:GNR
19:19:03 TV > QWB:GNR
19:19:03 TV < QWB:GNR000
19:19:03 TV > VWB:GNG000
19:19:03 TV < VWB:GNG
19:19:03 TV > QWB:GNG
19:19:03 TV < QWB:GNG000
19:19:03 TV > VWB:GNB000
19:19:03 TV < VWB:GNB
19:19:03 TV > QWB:GNB
19:19:03 TV < QWB:GNB000
19:19:03 TV > VPC:GGN000
19:19:03 TV < VPC:GGN
19:19:03 TV > QPC:GGN
19:19:03 TV < QPC:GGN000
19:19:03 TV > VWB:ISL060
19:19:03 TV < VWB:ISL
19:19:03 TV > VWB:SLG060
19:19:03 TV < VWB:SLG
19:19:03 TV > VWB:GNR000
19:19:03 TV < VWB:GNR
19:19:03 TV > QWB:GNR
19:19:04 TV < QWB:GNR000
19:19:04 TV > VWB:GNG000
19:19:04 TV < VWB:GNG
19:19:04 TV > QWB:GNG
19:19:04 TV < QWB:GNG000
19:19:04 TV > VWB:GNB000
19:19:04 TV < VWB:GNB
19:19:04 TV > QWB:GNB
19:19:04 TV < QWB:GNB000
19:19:04 TV > VPC:GGN000
19:19:04 TV < VPC:GGN
19:19:04 TV > QPC:GGN
19:19:04 TV < QPC:GGN000
19:19:04 TV > VWB:ISL070
19:19:04 TV < VWB:ISL
19:19:04 TV > VWB:SLG070
19:19:04 TV < VWB:SLG
19:19:04 TV > VWB:GNR000
19:19:04 TV < VWB:GNR
19:19:04 TV > QWB:GNR
19:19:04 TV < QWB:GNR000
19:19:04 TV > VWB:GNG000
19:19:04 TV < VWB:GNG
19:19:04 TV > QWB:GNG
19:19:04 TV < QWB:GNG000
19:19:04 TV > VWB:GNB000
19:19:04 TV < VWB:GNB
19:19:04 TV > QWB:GNB
19:19:04 TV < QWB:GNB000
19:19:04 TV > VPC:GGN000
19:19:04 TV < VPC:GGN
19:19:04 TV > QPC:GGN
19:19:04 TV < QPC:GGN000
19:19:04 TV > VWB:ISL080
19:19:04 TV < VWB:ISL
19:19:04 TV > VWB:SLG080
19:19:04 TV < VWB:SLG
19:19:04 TV > VWB:GNR000
19:19:04 TV < VWB:GNR
19:19:04 TV > QWB:GNR
19:19:04 TV < QWB:GNR000
19:19:04 TV > VWB:GNG000
19:19:04 TV < VWB:GNG
19:19:04 TV > QWB:GNG
19:19:04 TV < QWB:GNG000
19:19:04 TV > VWB:GNB000
19:19:04 TV < VWB:GNB
19:19:04 TV > QWB:GNB
19:19:04 TV < QWB:GNB000
19:19:04 TV > VPC:GGN000
19:19:04 TV < VPC:GGN
19:19:04 TV > QPC:GGN
19:19:04 TV < QPC:GGN000
19:19:04 TV > VWB:ISL090
19:19:04 TV < VWB:ISL
19:19:04 TV > VWB:SLG090
19:19:04 TV < VWB:SLG
19:19:04 TV > VWB:GNR000
19:19:04 TV < VWB:GNR
19:19:04 TV > QWB:GNR
19:19:04 TV < QWB:GNR000
19:19:04 TV > VWB:GNG000
19:19:04 TV < VWB:GNG
19:19:04 TV > QWB:GNG
19:19:04 TV < QWB:GNG000
19:19:04 TV > VWB:GNB000
19:19:04 TV < VWB:GNB
19:19:04 TV > QWB:GNB
19:19:04 TV < QWB:GNB000
19:19:04 TV > VPC:GGN000
19:19:04 TV < VPC:GGN
19:19:04 TV > QPC:GGN
19:19:04 TV < QPC:GGN000
19:19:04 TV > VWB:ISL100
19:19:04 TV < VWB:ISL
19:19:04 TV > VWB:SLG100
19:19:04 TV < VWB:SLG
19:19:04 TV > VWB:GNR000
19:19:04 TV < VWB:GNR
19:19:04 TV > QWB:GNR
19:19:04 TV < QWB:GNR000
19:19:04 TV > VWB:GNG000
19:19:04 TV < VWB:GNG
19:19:04 TV > QWB:GNG
19:19:04 TV < QWB:GNG000
19:19:04 TV > VWB:GNB000
19:19:04 TV < VWB:GNB
19:19:04 TV > QWB:GNB
19:19:04 TV < QWB:GNB000
19:19:04 TV > VPC:GGN000
19:19:04 TV < VPC:GGN
19:19:04 TV > QPC:GGN
19:19:04 TV < QPC:GGN000
19:19:04 TV > QPC:BRI
19:19:04 TV < QPC:BRI+30
19:19:04 TV > QPC:CON
19:19:04 TV < QPC:CON060
19:19:04 TV > QPC:COL
19:19:04 TV < QPC:COL050
19:19:04 TV > QPC:TIN
19:19:04 TV < QPC:TIN000
19:19:04 TV > QPC:SHP
19:19:04 TV < QPC:SHP050
19:19:04 TV > QPC:TMP
19:19:04 TV < QPC:TMPWRM2
19:19:04 TV > QPC:GMM
19:19:04 TV < QPC:GMM2.4
19:19:04 TV > QPC:PBR
19:19:04 TV < QPC:PBRLow
19:19:04 TV > QPC:CGU
19:19:04 TV < QPC:CGUREC
19:19:04 TV > QWB:HIR
19:19:04 TV < QWB:HIR000
19:19:04 TV > QWB:HIG
19:19:04 TV < QWB:HIG000
19:19:04 TV > QWB:HIB
19:19:04 TV < QWB:HIB000
19:19:04 TV > QWB:LOR
19:19:04 TV < QWB:LOR000
19:19:04 TV > QWB:LOG
19:19:04 TV < QWB:LOG000
19:19:04 TV > QWB:LOB
19:19:04 TV < QWB:LOB000
19:19:04 TV > VWB:ISL010
19:19:04 TV < VWB:ISL
19:19:04 TV > VWB:SLG010
19:19:04 TV < VWB:SLG
19:19:04 TV > QWB:GNR
19:19:04 TV < QWB:GNR000
19:19:04 TV > QWB:GNG
19:19:04 TV < QWB:GNG000
19:19:04 TV > QWB:GNB
19:19:04 TV < QWB:GNB000
19:19:04 TV > QPC:GGN
19:19:04 TV < QPC:GGN000
19:19:04 TV > VWB:ISL020
19:19:04 TV < VWB:ISL
19:19:04 TV > VWB:SLG020
19:19:04 TV < VWB:SLG
19:19:04 TV > QWB:GNR
19:19:04 TV < QWB:GNR000
19:19:04 TV > QWB:GNG
19:19:04 TV < QWB:GNG000
19:19:04 TV > QWB:GNB
19:19:04 TV < QWB:GNB000
19:19:04 TV > QPC:GGN
19:19:04 TV < QPC:GGN000
19:19:04 TV > VWB:ISL030
19:19:04 TV < VWB:ISL
19:19:04 TV > VWB:SLG030
19:19:04 TV < VWB:SLG
19:19:04 TV > QWB:GNR
19:19:04 TV < QWB:GNR000
19:19:04 TV > QWB:GNG
19:19:04 TV < QWB:GNG000
19:19:04 TV > QWB:GNB
19:19:04 TV < QWB:GNB000
19:19:04 TV > QPC:GGN
19:19:04 TV < QPC:GGN000
19:19:04 TV > VWB:ISL040
19:19:04 TV < VWB:ISL
19:19:04 TV > VWB:SLG040
19:19:04 TV < VWB:SLG
19:19:04 TV > QWB:GNR
19:19:04 TV < QWB:GNR000
19:19:04 TV > QWB:GNG
19:19:04 TV < QWB:GNG000
19:19:04 TV > QWB:GNB
19:19:04 TV < QWB:GNB000
19:19:04 TV > QPC:GGN
19:19:04 TV < QPC:GGN000
19:19:04 TV > VWB:ISL050
19:19:04 TV < VWB:ISL
19:19:04 TV > VWB:SLG050
19:19:04 TV < VWB:SLG
19:19:04 TV > QWB:GNR
19:19:04 TV < QWB:GNR000
19:19:04 TV > QWB:GNG
19:19:04 TV < QWB:GNG000
19:19:04 TV > QWB:GNB
19:19:04 TV < QWB:GNB000
19:19:04 TV > QPC:GGN
19:19:04 TV < QPC:GGN000
19:19:04 TV > VWB:ISL060
19:19:04 TV < VWB:ISL
19:19:04 TV > VWB:SLG060
19:19:04 TV < VWB:SLG
19:19:04 TV > QWB:GNR
19:19:04 TV < QWB:GNR000
19:19:04 TV > QWB:GNG
19:19:04 TV < QWB:GNG000
19:19:04 TV > QWB:GNB
19:19:04 TV < QWB:GNB000
19:19:04 TV > QPC:GGN
19:19:04 TV < QPC:GGN000
19:19:04 TV > VWB:ISL070
19:19:04 TV < VWB:ISL
19:19:04 TV > VWB:SLG070
19:19:04 TV < VWB:SLG
19:19:04 TV > QWB:GNR
19:19:04 TV < QWB:GNR000
19:19:04 TV > QWB:GNG
19:19:04 TV < QWB:GNG000
19:19:04 TV > QWB:GNB
19:19:04 TV < QWB:GNB000
19:19:04 TV > QPC:GGN
19:19:04 TV < QPC:GGN000
19:19:04 TV > VWB:ISL080
19:19:04 TV < VWB:ISL
19:19:04 TV > VWB:SLG080
19:19:04 TV < VWB:SLG
19:19:04 TV > QWB:GNR
19:19:04 TV < QWB:GNR000
19:19:04 TV > QWB:GNG
19:19:04 TV < QWB:GNG000
19:19:04 TV > QWB:GNB
19:19:04 TV < QWB:GNB000
19:19:04 TV > QPC:GGN
19:19:04 TV < QPC:GGN000
19:19:04 TV > VWB:ISL090
19:19:04 TV < VWB:ISL
19:19:04 TV > VWB:SLG090
19:19:04 TV < VWB:SLG
19:19:04 TV > QWB:GNR
19:19:04 TV < QWB:GNR000
19:19:04 TV > QWB:GNG
19:19:04 TV < QWB:GNG000
19:19:04 TV > QWB:GNB
19:19:04 TV < QWB:GNB000
19:19:04 TV > QPC:GGN
19:19:04 TV < QPC:GGN000
19:19:04 TV > VWB:ISL100
19:19:04 TV < VWB:ISL
19:19:04 TV > VWB:SLG100
19:19:04 TV < VWB:SLG
19:19:04 TV > QWB:GNR
19:19:04 TV < QWB:GNR000
19:19:04 TV > QWB:GNG
19:19:04 TV < QWB:GNG000
19:19:04 TV > QWB:GNB
19:19:04 TV < QWB:GNB000
19:19:04 TV > QPC:GGN
19:19:04 TV < QPC:GGN000
19:19:04 SIGNAL CHAIN original video LUT restored after failure
19:19:04 ORIGINAL TV SNAPSHOT AND VIDEO LUT RESTORED
19:19:04 METER | Spot read stopped at user request!
19:19:04 METER | Hit Esc or Q to give up, any other key to retry:
19:19:04 TV > VIC:FIX
19:19:04 TV < VIC:FIX
19:19:04 TV > MIC:END
